﻿<?xml version="1.0" encoding="utf-8"?>
<?xml-stylesheet type="text/xsl" href="file:///C:/PROGRAM FILES (X86)/MICROSOFT VISUAL STUDIO 12.0/COMMON7/IDE/EXTENSIONS/MICROSOFT/ARCHITECTURE TOOLS/EXTENSIBILITY/Logging/ReverseEngineeringLog.xslt"?>
<Log xmlns="http://schemas.microsoft.com/VisualStudio/2010/CodeGen.RE.Log" Label="Code Generation/Text Transformation Log">
  <MessageClass Name="Message" Label="Message" Option="Show informational messages" />
  <MessageClass Name="Warning" Label="Warning" Option="Show warnings" />
  <MessageClass Name="Error" Label="Error" Option="Show errors" />
  <MessageClass Name="Property" Label="Property" Option="Show metadata" />
  <MessageClass Name="Diagnostic" Label="Message" Option="Show diagnostic messages" />
  <Message Timestamp="2014-10-09T23:07:51" Importance="High" Text="Reverse Engineering Started." />
  <Message Timestamp="2014-10-09T23:08:06" Importance="Diagnostic" Text="Element reverse engineered into the UML model: 'Boolean' -  (PrimitiveType)" />
  <Message Timestamp="2014-10-09T23:08:06" Importance="Diagnostic" Text="Element reverse engineered into the UML model: 'c20fd5ce-a408-4c33-8242-52c5838ebd9e' -  (ClassifierTemplateParameter)" />
  <Message Timestamp="2014-10-09T23:08:06" Importance="Diagnostic" Text="Element reverse engineered into the UML model: 'd77e993c-6cb7-44b9-8474-cb7acf105f83' -  (ClassifierTemplateParameter)" />
  <Message Timestamp="2014-10-09T23:08:06" Importance="Diagnostic" Text="Element reverse engineered into the UML model: 'dc708186-0f6d-4515-bf6a-ff50e3eda1e3' -  (ClassifierTemplateParameter)" />
  <Message Timestamp="2014-10-09T23:08:06" Importance="Diagnostic" Text="Element reverse engineered into the UML model: 'Integer' -  (PrimitiveType)" />
  <Message Timestamp="2014-10-09T23:08:06" Importance="Diagnostic" Text="Element reverse engineered into the UML model: 'ModelingProject1' -  (ModelStoreModel)" />
  <Message Timestamp="2014-10-09T23:08:06" Importance="Diagnostic" Text="Element reverse engineered into the UML model: 'ModelingProject1::CalendarSystem' -  (Package)" />
  <Message Timestamp="2014-10-09T23:08:06" Importance="Diagnostic" Text="Element reverse engineered into the UML model: 'ModelingProject1::CalendarSystem::Controller' -  (Package)" />
  <Message Timestamp="2014-10-09T23:08:06" Importance="Medium" Text="Element reverse engineered into the UML model: 'ModelingProject1::CalendarSystem::Controller::InputController' -  (Class)" />
  <Message Timestamp="2014-10-09T23:08:06" Importance="Diagnostic" Text="Element reverse engineered into the UML model: 'ModelingProject1::CalendarSystem::Controller::InputController::_instance' -  (Property)" />
  <Message Timestamp="2014-10-09T23:08:06" Importance="Diagnostic" Text="Element reverse engineered into the UML model: 'ModelingProject1::CalendarSystem::Controller::InputController::_notificationController' -  (Property)" />
  <Message Timestamp="2014-10-09T23:08:06" Importance="Diagnostic" Text="Element reverse engineered into the UML model: 'ModelingProject1::CalendarSystem::Controller::InputController::_storage' -  (Property)" />
  <Message Timestamp="2014-10-09T23:08:06" Importance="Diagnostic" Text="Element reverse engineered into the UML model: 'ModelingProject1::CalendarSystem::Controller::InputController::_viewController' -  (Property)" />
  <Message Timestamp="2014-10-09T23:08:06" Importance="Diagnostic" Text="Element reverse engineered into the UML model: 'ModelingProject1::CalendarSystem::Controller::InputController::ChangeOverviewType' -  (Operation)" />
  <Message Timestamp="2014-10-09T23:08:06" Importance="Diagnostic" Text="Element reverse engineered into the UML model: 'ModelingProject1::CalendarSystem::Controller::InputController::ChangeOverviewType::overviewType' -  (Parameter)" />
  <Message Timestamp="2014-10-09T23:08:06" Importance="Diagnostic" Text="Element reverse engineered into the UML model: 'ModelingProject1::CalendarSystem::Controller::InputController::CreateCalendarEntry' -  (Operation)" />
  <Message Timestamp="2014-10-09T23:08:06" Importance="Diagnostic" Text="Element reverse engineered into the UML model: 'ModelingProject1::CalendarSystem::Controller::InputController::CreateCalendarEntry::day' -  (Parameter)" />
  <Message Timestamp="2014-10-09T23:08:06" Importance="Diagnostic" Text="Element reverse engineered into the UML model: 'ModelingProject1::CalendarSystem::Controller::InputController::CreateCalendarEntry::description' -  (Parameter)" />
  <Message Timestamp="2014-10-09T23:08:06" Importance="Diagnostic" Text="Element reverse engineered into the UML model: 'ModelingProject1::CalendarSystem::Controller::InputController::CreateCalendarEntry::endHour' -  (Parameter)" />
  <Message Timestamp="2014-10-09T23:08:06" Importance="Diagnostic" Text="Element reverse engineered into the UML model: 'ModelingProject1::CalendarSystem::Controller::InputController::CreateCalendarEntry::month' -  (Parameter)" />
  <Message Timestamp="2014-10-09T23:08:06" Importance="Diagnostic" Text="Element reverse engineered into the UML model: 'ModelingProject1::CalendarSystem::Controller::InputController::CreateCalendarEntry::startHour' -  (Parameter)" />
  <Message Timestamp="2014-10-09T23:08:06" Importance="Diagnostic" Text="Element reverse engineered into the UML model: 'ModelingProject1::CalendarSystem::Controller::InputController::CreateCalendarEntry::year' -  (Parameter)" />
  <Message Timestamp="2014-10-09T23:08:06" Importance="Diagnostic" Text="Element reverse engineered into the UML model: 'ModelingProject1::CalendarSystem::Controller::InputController::CreateTag' -  (Operation)" />
  <Message Timestamp="2014-10-09T23:08:06" Importance="Diagnostic" Text="Element reverse engineered into the UML model: 'ModelingProject1::CalendarSystem::Controller::InputController::CreateTag::newTag' -  (Parameter)" />
  <Message Timestamp="2014-10-09T23:08:06" Importance="Diagnostic" Text="Element reverse engineered into the UML model: 'ModelingProject1::CalendarSystem::Controller::InputController::getInstance' -  (Operation)" />
  <Message Timestamp="2014-10-09T23:08:06" Importance="Diagnostic" Text="Element reverse engineered into the UML model: 'ModelingProject1::CalendarSystem::Controller::InputController::InputController' -  (Operation)" />
  <Message Timestamp="2014-10-09T23:08:06" Importance="Diagnostic" Text="Element reverse engineered into the UML model: 'ModelingProject1::CalendarSystem::Controller::InputController::Login' -  (Operation)" />
  <Message Timestamp="2014-10-09T23:08:06" Importance="Diagnostic" Text="Element reverse engineered into the UML model: 'ModelingProject1::CalendarSystem::Controller::InputController::Login::password' -  (Parameter)" />
  <Message Timestamp="2014-10-09T23:08:06" Importance="Diagnostic" Text="Element reverse engineered into the UML model: 'ModelingProject1::CalendarSystem::Controller::InputController::Login::username' -  (Parameter)" />
  <Message Timestamp="2014-10-09T23:08:06" Importance="Diagnostic" Text="Element reverse engineered into the UML model: 'ModelingProject1::CalendarSystem::Controller::InputController::UpdateCalendarEntry' -  (Operation)" />
  <Message Timestamp="2014-10-09T23:08:06" Importance="Diagnostic" Text="Element reverse engineered into the UML model: 'ModelingProject1::CalendarSystem::Controller::InputController::UpdateCalendarEntry::day' -  (Parameter)" />
  <Message Timestamp="2014-10-09T23:08:06" Importance="Diagnostic" Text="Element reverse engineered into the UML model: 'ModelingProject1::CalendarSystem::Controller::InputController::UpdateCalendarEntry::description' -  (Parameter)" />
  <Message Timestamp="2014-10-09T23:08:06" Importance="Diagnostic" Text="Element reverse engineered into the UML model: 'ModelingProject1::CalendarSystem::Controller::InputController::UpdateCalendarEntry::endHour' -  (Parameter)" />
  <Message Timestamp="2014-10-09T23:08:06" Importance="Diagnostic" Text="Element reverse engineered into the UML model: 'ModelingProject1::CalendarSystem::Controller::InputController::UpdateCalendarEntry::ID' -  (Parameter)" />
  <Message Timestamp="2014-10-09T23:08:06" Importance="Diagnostic" Text="Element reverse engineered into the UML model: 'ModelingProject1::CalendarSystem::Controller::InputController::UpdateCalendarEntry::month' -  (Parameter)" />
  <Message Timestamp="2014-10-09T23:08:06" Importance="Diagnostic" Text="Element reverse engineered into the UML model: 'ModelingProject1::CalendarSystem::Controller::InputController::UpdateCalendarEntry::startHour' -  (Parameter)" />
  <Message Timestamp="2014-10-09T23:08:06" Importance="Diagnostic" Text="Element reverse engineered into the UML model: 'ModelingProject1::CalendarSystem::Controller::InputController::UpdateCalendarEntry::year' -  (Parameter)" />
  <Message Timestamp="2014-10-09T23:08:06" Importance="Medium" Text="Element reverse engineered into the UML model: 'ModelingProject1::CalendarSystem::Controller::NotificationController' -  (Class)" />
  <Message Timestamp="2014-10-09T23:08:06" Importance="Diagnostic" Text="Element reverse engineered into the UML model: 'ModelingProject1::CalendarSystem::Controller::NotificationController::_inputController' -  (Property)" />
  <Message Timestamp="2014-10-09T23:08:06" Importance="Diagnostic" Text="Element reverse engineered into the UML model: 'ModelingProject1::CalendarSystem::Controller::NotificationController::_instance' -  (Property)" />
  <Message Timestamp="2014-10-09T23:08:06" Importance="Diagnostic" Text="Element reverse engineered into the UML model: 'ModelingProject1::CalendarSystem::Controller::NotificationController::_viewController' -  (Property)" />
  <Message Timestamp="2014-10-09T23:08:06" Importance="Diagnostic" Text="Element reverse engineered into the UML model: 'ModelingProject1::CalendarSystem::Controller::NotificationController::BeNotifiedByObserved' -  (Operation)" />
  <Message Timestamp="2014-10-09T23:08:06" Importance="Diagnostic" Text="Element reverse engineered into the UML model: 'ModelingProject1::CalendarSystem::Controller::NotificationController::getInstance' -  (Operation)" />
  <Message Timestamp="2014-10-09T23:08:06" Importance="Diagnostic" Text="Element reverse engineered into the UML model: 'ModelingProject1::CalendarSystem::Controller::NotificationController::NotificationController' -  (Operation)" />
  <Message Timestamp="2014-10-09T23:08:06" Importance="Diagnostic" Text="Element reverse engineered into the UML model: 'ModelingProject1::CalendarSystem::Controller::NotificationController::notifications' -  (Property)" />
  <Message Timestamp="2014-10-09T23:08:06" Importance="Diagnostic" Text="Element reverse engineered into the UML model: 'ModelingProject1::CalendarSystem::Controller::NotificationController::notifyUser' -  (Operation)" />
  <Message Timestamp="2014-10-09T23:08:06" Importance="Diagnostic" Text="Element reverse engineered into the UML model: 'ModelingProject1::CalendarSystem::Controller::NotificationController::notifyUser::ID' -  (Parameter)" />
  <Message Timestamp="2014-10-09T23:08:06" Importance="Medium" Text="Element reverse engineered into the UML model: 'ModelingProject1::CalendarSystem::Controller::ViewController' -  (Class)" />
  <Message Timestamp="2014-10-09T23:08:06" Importance="Diagnostic" Text="Element reverse engineered into the UML model: 'ModelingProject1::CalendarSystem::Controller::ViewController::_calendarView' -  (Property)" />
  <Message Timestamp="2014-10-09T23:08:06" Importance="Diagnostic" Text="Element reverse engineered into the UML model: 'ModelingProject1::CalendarSystem::Controller::ViewController::_eventView' -  (Property)" />
  <Message Timestamp="2014-10-09T23:08:06" Importance="Diagnostic" Text="Element reverse engineered into the UML model: 'ModelingProject1::CalendarSystem::Controller::ViewController::_inputController' -  (Property)" />
  <Message Timestamp="2014-10-09T23:08:06" Importance="Diagnostic" Text="Element reverse engineered into the UML model: 'ModelingProject1::CalendarSystem::Controller::ViewController::_instance' -  (Property)" />
  <Message Timestamp="2014-10-09T23:08:06" Importance="Diagnostic" Text="Element reverse engineered into the UML model: 'ModelingProject1::CalendarSystem::Controller::ViewController::_mainView' -  (Property)" />
  <Message Timestamp="2014-10-09T23:08:06" Importance="Diagnostic" Text="Element reverse engineered into the UML model: 'ModelingProject1::CalendarSystem::Controller::ViewController::_notificationController' -  (Property)" />
  <Message Timestamp="2014-10-09T23:08:06" Importance="Diagnostic" Text="Element reverse engineered into the UML model: 'ModelingProject1::CalendarSystem::Controller::ViewController::_notificationView' -  (Property)" />
  <Message Timestamp="2014-10-09T23:08:06" Importance="Diagnostic" Text="Element reverse engineered into the UML model: 'ModelingProject1::CalendarSystem::Controller::ViewController::BeNotifiedByObserved' -  (Operation)" />
  <Message Timestamp="2014-10-09T23:08:06" Importance="Diagnostic" Text="Element reverse engineered into the UML model: 'ModelingProject1::CalendarSystem::Controller::ViewController::createEventView' -  (Operation)" />
  <Message Timestamp="2014-10-09T23:08:06" Importance="Diagnostic" Text="Element reverse engineered into the UML model: 'ModelingProject1::CalendarSystem::Controller::ViewController::createEventView::iEvent' -  (Parameter)" />
  <Message Timestamp="2014-10-09T23:08:06" Importance="Diagnostic" Text="Element reverse engineered into the UML model: 'ModelingProject1::CalendarSystem::Controller::ViewController::createNotificationView' -  (Operation)" />
  <Message Timestamp="2014-10-09T23:08:06" Importance="Diagnostic" Text="Element reverse engineered into the UML model: 'ModelingProject1::CalendarSystem::Controller::ViewController::createNotificationView::ID' -  (Parameter)" />
  <Message Timestamp="2014-10-09T23:08:06" Importance="Diagnostic" Text="Element reverse engineered into the UML model: 'ModelingProject1::CalendarSystem::Controller::ViewController::createNotificationView::notification' -  (Parameter)" />
  <Message Timestamp="2014-10-09T23:08:06" Importance="Diagnostic" Text="Element reverse engineered into the UML model: 'ModelingProject1::CalendarSystem::Controller::ViewController::getInstance' -  (Operation)" />
  <Message Timestamp="2014-10-09T23:08:06" Importance="Diagnostic" Text="Element reverse engineered into the UML model: 'ModelingProject1::CalendarSystem::Controller::ViewController::startMainView' -  (Operation)" />
  <Message Timestamp="2014-10-09T23:08:06" Importance="Diagnostic" Text="Element reverse engineered into the UML model: 'ModelingProject1::CalendarSystem::Controller::ViewController::updateCalendarView' -  (Operation)" />
  <Message Timestamp="2014-10-09T23:08:06" Importance="Diagnostic" Text="Element reverse engineered into the UML model: 'ModelingProject1::CalendarSystem::Controller::ViewController::UpdateCalenderOverview' -  (Operation)" />
  <Message Timestamp="2014-10-09T23:08:06" Importance="Diagnostic" Text="Element reverse engineered into the UML model: 'ModelingProject1::CalendarSystem::Controller::ViewController::UpdateCalenderOverview::overviewType' -  (Parameter)" />
  <Message Timestamp="2014-10-09T23:08:06" Importance="Diagnostic" Text="Element reverse engineered into the UML model: 'ModelingProject1::CalendarSystem::Controller::ViewController::ViewController' -  (Operation)" />
  <Message Timestamp="2014-10-09T23:08:06" Importance="Diagnostic" Text="Element reverse engineered into the UML model: 'ModelingProject1::CalendarSystem::DataStorage' -  (Package)" />
  <Message Timestamp="2014-10-09T23:08:06" Importance="Medium" Text="Element reverse engineered into the UML model: 'ModelingProject1::CalendarSystem::DataStorage::AbstractStorage' -  (Class)" />
  <Message Timestamp="2014-10-09T23:08:06" Importance="Diagnostic" Text="Element reverse engineered into the UML model: 'ModelingProject1::CalendarSystem::DataStorage::AbstractStorage::_connection' -  (Property)" />
  <Message Timestamp="2014-10-09T23:08:06" Importance="Diagnostic" Text="Element reverse engineered into the UML model: 'ModelingProject1::CalendarSystem::DataStorage::AbstractStorage::_storage' -  (Property)" />
  <Message Timestamp="2014-10-09T23:08:06" Importance="Diagnostic" Text="Element reverse engineered into the UML model: 'ModelingProject1::CalendarSystem::DataStorage::AbstractStorage::AbstractStorage' -  (Operation)" />
  <Message Timestamp="2014-10-09T23:08:06" Importance="Diagnostic" Text="Element reverse engineered into the UML model: 'ModelingProject1::CalendarSystem::DataStorage::AbstractStorage::AbstractStorage::connection' -  (Parameter)" />
  <Message Timestamp="2014-10-09T23:08:06" Importance="Diagnostic" Text="Element reverse engineered into the UML model: 'ModelingProject1::CalendarSystem::DataStorage::AbstractStorage::AbstractStorage::storageType' -  (Parameter)" />
  <Message Timestamp="2014-10-09T23:08:06" Importance="Diagnostic" Text="Element reverse engineered into the UML model: 'ModelingProject1::CalendarSystem::DataStorage::AbstractStorage::BeObserved' -  (Operation)" />
  <Message Timestamp="2014-10-09T23:08:06" Importance="Diagnostic" Text="Element reverse engineered into the UML model: 'ModelingProject1::CalendarSystem::DataStorage::AbstractStorage::BeObserved::observer' -  (Parameter)" />
  <Message Timestamp="2014-10-09T23:08:06" Importance="Diagnostic" Text="Element reverse engineered into the UML model: 'ModelingProject1::CalendarSystem::DataStorage::AbstractStorage::BeObserved::observers' -  (Parameter)" />
  <Message Timestamp="2014-10-09T23:08:06" Importance="Diagnostic" Text="Element reverse engineered into the UML model: 'ModelingProject1::CalendarSystem::DataStorage::AbstractStorage::createStorage' -  (Operation)" />
  <Message Timestamp="2014-10-09T23:08:06" Importance="Diagnostic" Text="Element reverse engineered into the UML model: 'ModelingProject1::CalendarSystem::DataStorage::AbstractStorage::createStorage::storageType' -  (Parameter)" />
  <Message Timestamp="2014-10-09T23:08:06" Importance="Diagnostic" Text="Element reverse engineered into the UML model: 'ModelingProject1::CalendarSystem::DataStorage::AbstractStorage::CreateTag' -  (Operation)" />
  <Message Timestamp="2014-10-09T23:08:06" Importance="Diagnostic" Text="Element reverse engineered into the UML model: 'ModelingProject1::CalendarSystem::DataStorage::AbstractStorage::CreateTag::tag' -  (Parameter)" />
  <Message Timestamp="2014-10-09T23:08:06" Importance="Diagnostic" Text="Element reverse engineered into the UML model: 'ModelingProject1::CalendarSystem::DataStorage::AbstractStorage::GetAllEvents' -  (Operation)" />
  <Message Timestamp="2014-10-09T23:08:06" Importance="Diagnostic" Text="Element reverse engineered into the UML model: 'ModelingProject1::CalendarSystem::DataStorage::AbstractStorage::GetEvent' -  (Operation)" />
  <Message Timestamp="2014-10-09T23:08:06" Importance="Diagnostic" Text="Element reverse engineered into the UML model: 'ModelingProject1::CalendarSystem::DataStorage::AbstractStorage::GetEvent::ID' -  (Parameter)" />
  <Message Timestamp="2014-10-09T23:08:06" Importance="Diagnostic" Text="Element reverse engineered into the UML model: 'ModelingProject1::CalendarSystem::DataStorage::AbstractStorage::GetEventsBetweenDates' -  (Operation)" />
  <Message Timestamp="2014-10-09T23:08:06" Importance="Diagnostic" Text="Element reverse engineered into the UML model: 'ModelingProject1::CalendarSystem::DataStorage::AbstractStorage::GetEventsBetweenDates::beginDateTime' -  (Parameter)" />
  <Message Timestamp="2014-10-09T23:08:06" Importance="Diagnostic" Text="Element reverse engineered into the UML model: 'ModelingProject1::CalendarSystem::DataStorage::AbstractStorage::GetEventsBetweenDates::endDateTime' -  (Parameter)" />
  <Message Timestamp="2014-10-09T23:08:06" Importance="Diagnostic" Text="Element reverse engineered into the UML model: 'ModelingProject1::CalendarSystem::DataStorage::AbstractStorage::loginAuthentication' -  (Operation)" />
  <Message Timestamp="2014-10-09T23:08:06" Importance="Diagnostic" Text="Element reverse engineered into the UML model: 'ModelingProject1::CalendarSystem::DataStorage::AbstractStorage::loginAuthentication::password' -  (Parameter)" />
  <Message Timestamp="2014-10-09T23:08:06" Importance="Diagnostic" Text="Element reverse engineered into the UML model: 'ModelingProject1::CalendarSystem::DataStorage::AbstractStorage::loginAuthentication::userName' -  (Parameter)" />
  <Message Timestamp="2014-10-09T23:08:06" Importance="Diagnostic" Text="Element reverse engineered into the UML model: 'ModelingProject1::CalendarSystem::DataStorage::AbstractStorage::NotifyObservers' -  (Operation)" />
  <Message Timestamp="2014-10-09T23:08:06" Importance="Diagnostic" Text="Element reverse engineered into the UML model: 'ModelingProject1::CalendarSystem::DataStorage::AbstractStorage::SaveEvent' -  (Operation)" />
  <Message Timestamp="2014-10-09T23:08:06" Importance="Diagnostic" Text="Element reverse engineered into the UML model: 'ModelingProject1::CalendarSystem::DataStorage::AbstractStorage::SaveEvent::dateTime' -  (Parameter)" />
  <Message Timestamp="2014-10-09T23:08:06" Importance="Diagnostic" Text="Element reverse engineered into the UML model: 'ModelingProject1::CalendarSystem::DataStorage::AbstractStorage::SaveEvent::description' -  (Parameter)" />
  <Message Timestamp="2014-10-09T23:08:06" Importance="Diagnostic" Text="Element reverse engineered into the UML model: 'ModelingProject1::CalendarSystem::DataStorage::AbstractStorage::SaveEvent::notification' -  (Parameter)" />
  <Message Timestamp="2014-10-09T23:08:06" Importance="Diagnostic" Text="Element reverse engineered into the UML model: 'ModelingProject1::CalendarSystem::DataStorage::AbstractStorage::SaveEvent::timeSpan' -  (Parameter)" />
  <Message Timestamp="2014-10-09T23:08:06" Importance="Diagnostic" Text="Element reverse engineered into the UML model: 'ModelingProject1::CalendarSystem::DataStorage::AbstractStorage::UpdateEvent' -  (Operation)" />
  <Message Timestamp="2014-10-09T23:08:06" Importance="Diagnostic" Text="Element reverse engineered into the UML model: 'ModelingProject1::CalendarSystem::DataStorage::AbstractStorage::UpdateEvent::dateTime' -  (Parameter)" />
  <Message Timestamp="2014-10-09T23:08:06" Importance="Diagnostic" Text="Element reverse engineered into the UML model: 'ModelingProject1::CalendarSystem::DataStorage::AbstractStorage::UpdateEvent::description' -  (Parameter)" />
  <Message Timestamp="2014-10-09T23:08:06" Importance="Diagnostic" Text="Element reverse engineered into the UML model: 'ModelingProject1::CalendarSystem::DataStorage::AbstractStorage::UpdateEvent::ID' -  (Parameter)" />
  <Message Timestamp="2014-10-09T23:08:06" Importance="Diagnostic" Text="Element reverse engineered into the UML model: 'ModelingProject1::CalendarSystem::DataStorage::AbstractStorage::UpdateEvent::notification' -  (Parameter)" />
  <Message Timestamp="2014-10-09T23:08:06" Importance="Diagnostic" Text="Element reverse engineered into the UML model: 'ModelingProject1::CalendarSystem::DataStorage::AbstractStorage::UpdateEvent::timeSpan' -  (Parameter)" />
  <Message Timestamp="2014-10-09T23:08:06" Importance="Medium" Text="Element reverse engineered into the UML model: 'ModelingProject1::CalendarSystem::DataStorage::DatabaseStorage' -  (Class)" />
  <Message Timestamp="2014-10-09T23:08:06" Importance="Diagnostic" Text="Element reverse engineered into the UML model: 'ModelingProject1::CalendarSystem::DataStorage::DatabaseStorage::_calendar' -  (Property)" />
  <Message Timestamp="2014-10-09T23:08:06" Importance="Diagnostic" Text="Element reverse engineered into the UML model: 'ModelingProject1::CalendarSystem::DataStorage::DatabaseStorage::_Observers' -  (Property)" />
  <Message Timestamp="2014-10-09T23:08:06" Importance="Diagnostic" Text="Element reverse engineered into the UML model: 'ModelingProject1::CalendarSystem::DataStorage::DatabaseStorage::_password' -  (Property)" />
  <Message Timestamp="2014-10-09T23:08:06" Importance="Diagnostic" Text="Element reverse engineered into the UML model: 'ModelingProject1::CalendarSystem::DataStorage::DatabaseStorage::_username' -  (Property)" />
  <Message Timestamp="2014-10-09T23:08:06" Importance="Diagnostic" Text="Element reverse engineered into the UML model: 'ModelingProject1::CalendarSystem::DataStorage::DatabaseStorage::BeObserved' -  (Operation)" />
  <Message Timestamp="2014-10-09T23:08:06" Importance="Diagnostic" Text="Element reverse engineered into the UML model: 'ModelingProject1::CalendarSystem::DataStorage::DatabaseStorage::BeObserved::observer' -  (Parameter)" />
  <Message Timestamp="2014-10-09T23:08:06" Importance="Diagnostic" Text="Element reverse engineered into the UML model: 'ModelingProject1::CalendarSystem::DataStorage::DatabaseStorage::BeObserved::observers' -  (Parameter)" />
  <Message Timestamp="2014-10-09T23:08:06" Importance="Diagnostic" Text="Element reverse engineered into the UML model: 'ModelingProject1::CalendarSystem::DataStorage::DatabaseStorage::CreateTag' -  (Operation)" />
  <Message Timestamp="2014-10-09T23:08:06" Importance="Diagnostic" Text="Element reverse engineered into the UML model: 'ModelingProject1::CalendarSystem::DataStorage::DatabaseStorage::CreateTag::tag' -  (Parameter)" />
  <Message Timestamp="2014-10-09T23:08:06" Importance="Diagnostic" Text="Element reverse engineered into the UML model: 'ModelingProject1::CalendarSystem::DataStorage::DatabaseStorage::DatabaseStorage' -  (Operation)" />
  <Message Timestamp="2014-10-09T23:08:06" Importance="Diagnostic" Text="Element reverse engineered into the UML model: 'ModelingProject1::CalendarSystem::DataStorage::DatabaseStorage::GetAllEvents' -  (Operation)" />
  <Message Timestamp="2014-10-09T23:08:06" Importance="Diagnostic" Text="Element reverse engineered into the UML model: 'ModelingProject1::CalendarSystem::DataStorage::DatabaseStorage::getCalendar' -  (Operation)" />
  <Message Timestamp="2014-10-09T23:08:06" Importance="Diagnostic" Text="Element reverse engineered into the UML model: 'ModelingProject1::CalendarSystem::DataStorage::DatabaseStorage::GetEvent' -  (Operation)" />
  <Message Timestamp="2014-10-09T23:08:06" Importance="Diagnostic" Text="Element reverse engineered into the UML model: 'ModelingProject1::CalendarSystem::DataStorage::DatabaseStorage::GetEvent::ID' -  (Parameter)" />
  <Message Timestamp="2014-10-09T23:08:06" Importance="Diagnostic" Text="Element reverse engineered into the UML model: 'ModelingProject1::CalendarSystem::DataStorage::DatabaseStorage::GetEventsBetweenDates' -  (Operation)" />
  <Message Timestamp="2014-10-09T23:08:06" Importance="Diagnostic" Text="Element reverse engineered into the UML model: 'ModelingProject1::CalendarSystem::DataStorage::DatabaseStorage::GetEventsBetweenDates::beginDateTime' -  (Parameter)" />
  <Message Timestamp="2014-10-09T23:08:06" Importance="Diagnostic" Text="Element reverse engineered into the UML model: 'ModelingProject1::CalendarSystem::DataStorage::DatabaseStorage::GetEventsBetweenDates::enDateTime' -  (Parameter)" />
  <Message Timestamp="2014-10-09T23:08:06" Importance="Diagnostic" Text="Element reverse engineered into the UML model: 'ModelingProject1::CalendarSystem::DataStorage::DatabaseStorage::loginAuthentication' -  (Operation)" />
  <Message Timestamp="2014-10-09T23:08:06" Importance="Diagnostic" Text="Element reverse engineered into the UML model: 'ModelingProject1::CalendarSystem::DataStorage::DatabaseStorage::loginAuthentication::password' -  (Parameter)" />
  <Message Timestamp="2014-10-09T23:08:06" Importance="Diagnostic" Text="Element reverse engineered into the UML model: 'ModelingProject1::CalendarSystem::DataStorage::DatabaseStorage::loginAuthentication::userName' -  (Parameter)" />
  <Message Timestamp="2014-10-09T23:08:06" Importance="Diagnostic" Text="Element reverse engineered into the UML model: 'ModelingProject1::CalendarSystem::DataStorage::DatabaseStorage::NotifyObservers' -  (Operation)" />
  <Message Timestamp="2014-10-09T23:08:06" Importance="Diagnostic" Text="Element reverse engineered into the UML model: 'ModelingProject1::CalendarSystem::DataStorage::DatabaseStorage::SaveEvent' -  (Operation)" />
  <Message Timestamp="2014-10-09T23:08:06" Importance="Diagnostic" Text="Element reverse engineered into the UML model: 'ModelingProject1::CalendarSystem::DataStorage::DatabaseStorage::SaveEvent::dateTime' -  (Parameter)" />
  <Message Timestamp="2014-10-09T23:08:06" Importance="Diagnostic" Text="Element reverse engineered into the UML model: 'ModelingProject1::CalendarSystem::DataStorage::DatabaseStorage::SaveEvent::description' -  (Parameter)" />
  <Message Timestamp="2014-10-09T23:08:06" Importance="Diagnostic" Text="Element reverse engineered into the UML model: 'ModelingProject1::CalendarSystem::DataStorage::DatabaseStorage::SaveEvent::notification' -  (Parameter)" />
  <Message Timestamp="2014-10-09T23:08:06" Importance="Diagnostic" Text="Element reverse engineered into the UML model: 'ModelingProject1::CalendarSystem::DataStorage::DatabaseStorage::SaveEvent::timeSpan' -  (Parameter)" />
  <Message Timestamp="2014-10-09T23:08:06" Importance="Diagnostic" Text="Element reverse engineered into the UML model: 'ModelingProject1::CalendarSystem::DataStorage::DatabaseStorage::UpdateEvent' -  (Operation)" />
  <Message Timestamp="2014-10-09T23:08:06" Importance="Diagnostic" Text="Element reverse engineered into the UML model: 'ModelingProject1::CalendarSystem::DataStorage::DatabaseStorage::UpdateEvent::dateTime' -  (Parameter)" />
  <Message Timestamp="2014-10-09T23:08:06" Importance="Diagnostic" Text="Element reverse engineered into the UML model: 'ModelingProject1::CalendarSystem::DataStorage::DatabaseStorage::UpdateEvent::description' -  (Parameter)" />
  <Message Timestamp="2014-10-09T23:08:06" Importance="Diagnostic" Text="Element reverse engineered into the UML model: 'ModelingProject1::CalendarSystem::DataStorage::DatabaseStorage::UpdateEvent::ID' -  (Parameter)" />
  <Message Timestamp="2014-10-09T23:08:06" Importance="Diagnostic" Text="Element reverse engineered into the UML model: 'ModelingProject1::CalendarSystem::DataStorage::DatabaseStorage::UpdateEvent::notification' -  (Parameter)" />
  <Message Timestamp="2014-10-09T23:08:06" Importance="Diagnostic" Text="Element reverse engineered into the UML model: 'ModelingProject1::CalendarSystem::DataStorage::DatabaseStorage::UpdateEvent::timeSpan' -  (Parameter)" />
  <Message Timestamp="2014-10-09T23:08:06" Importance="Medium" Text="Element reverse engineered into the UML model: 'ModelingProject1::CalendarSystem::DataStorage::FakeStorage' -  (Class)" />
  <Message Timestamp="2014-10-09T23:08:06" Importance="Diagnostic" Text="Element reverse engineered into the UML model: 'ModelingProject1::CalendarSystem::DataStorage::FakeStorage::_Observers' -  (Property)" />
  <Message Timestamp="2014-10-09T23:08:06" Importance="Diagnostic" Text="Element reverse engineered into the UML model: 'ModelingProject1::CalendarSystem::DataStorage::FakeStorage::BeObserved' -  (Operation)" />
  <Message Timestamp="2014-10-09T23:08:06" Importance="Diagnostic" Text="Element reverse engineered into the UML model: 'ModelingProject1::CalendarSystem::DataStorage::FakeStorage::BeObserved::observer' -  (Parameter)" />
  <Message Timestamp="2014-10-09T23:08:06" Importance="Diagnostic" Text="Element reverse engineered into the UML model: 'ModelingProject1::CalendarSystem::DataStorage::FakeStorage::BeObserved::observers' -  (Parameter)" />
  <Message Timestamp="2014-10-09T23:08:06" Importance="Diagnostic" Text="Element reverse engineered into the UML model: 'ModelingProject1::CalendarSystem::DataStorage::FakeStorage::CreateTag' -  (Operation)" />
  <Message Timestamp="2014-10-09T23:08:06" Importance="Diagnostic" Text="Element reverse engineered into the UML model: 'ModelingProject1::CalendarSystem::DataStorage::FakeStorage::CreateTag::tag' -  (Parameter)" />
  <Message Timestamp="2014-10-09T23:08:06" Importance="Diagnostic" Text="Element reverse engineered into the UML model: 'ModelingProject1::CalendarSystem::DataStorage::FakeStorage::FakeStorage' -  (Operation)" />
  <Message Timestamp="2014-10-09T23:08:06" Importance="Diagnostic" Text="Element reverse engineered into the UML model: 'ModelingProject1::CalendarSystem::DataStorage::FakeStorage::GetAllEvents' -  (Operation)" />
  <Message Timestamp="2014-10-09T23:08:06" Importance="Diagnostic" Text="Element reverse engineered into the UML model: 'ModelingProject1::CalendarSystem::DataStorage::FakeStorage::GetEvent' -  (Operation)" />
  <Message Timestamp="2014-10-09T23:08:06" Importance="Diagnostic" Text="Element reverse engineered into the UML model: 'ModelingProject1::CalendarSystem::DataStorage::FakeStorage::GetEvent::ID' -  (Parameter)" />
  <Message Timestamp="2014-10-09T23:08:06" Importance="Diagnostic" Text="Element reverse engineered into the UML model: 'ModelingProject1::CalendarSystem::DataStorage::FakeStorage::GetEventsBetweenDates' -  (Operation)" />
  <Message Timestamp="2014-10-09T23:08:06" Importance="Diagnostic" Text="Element reverse engineered into the UML model: 'ModelingProject1::CalendarSystem::DataStorage::FakeStorage::GetEventsBetweenDates::beginDateTime' -  (Parameter)" />
  <Message Timestamp="2014-10-09T23:08:06" Importance="Diagnostic" Text="Element reverse engineered into the UML model: 'ModelingProject1::CalendarSystem::DataStorage::FakeStorage::GetEventsBetweenDates::enDateTime' -  (Parameter)" />
  <Message Timestamp="2014-10-09T23:08:06" Importance="Diagnostic" Text="Element reverse engineered into the UML model: 'ModelingProject1::CalendarSystem::DataStorage::FakeStorage::loginAuthentication' -  (Operation)" />
  <Message Timestamp="2014-10-09T23:08:06" Importance="Diagnostic" Text="Element reverse engineered into the UML model: 'ModelingProject1::CalendarSystem::DataStorage::FakeStorage::loginAuthentication::password' -  (Parameter)" />
  <Message Timestamp="2014-10-09T23:08:06" Importance="Diagnostic" Text="Element reverse engineered into the UML model: 'ModelingProject1::CalendarSystem::DataStorage::FakeStorage::loginAuthentication::userName' -  (Parameter)" />
  <Message Timestamp="2014-10-09T23:08:06" Importance="Diagnostic" Text="Element reverse engineered into the UML model: 'ModelingProject1::CalendarSystem::DataStorage::FakeStorage::NotifyObservers' -  (Operation)" />
  <Message Timestamp="2014-10-09T23:08:06" Importance="Diagnostic" Text="Element reverse engineered into the UML model: 'ModelingProject1::CalendarSystem::DataStorage::FakeStorage::SaveEvent' -  (Operation)" />
  <Message Timestamp="2014-10-09T23:08:06" Importance="Diagnostic" Text="Element reverse engineered into the UML model: 'ModelingProject1::CalendarSystem::DataStorage::FakeStorage::SaveEvent::dateTime' -  (Parameter)" />
  <Message Timestamp="2014-10-09T23:08:06" Importance="Diagnostic" Text="Element reverse engineered into the UML model: 'ModelingProject1::CalendarSystem::DataStorage::FakeStorage::SaveEvent::description' -  (Parameter)" />
  <Message Timestamp="2014-10-09T23:08:06" Importance="Diagnostic" Text="Element reverse engineered into the UML model: 'ModelingProject1::CalendarSystem::DataStorage::FakeStorage::SaveEvent::notification' -  (Parameter)" />
  <Message Timestamp="2014-10-09T23:08:06" Importance="Diagnostic" Text="Element reverse engineered into the UML model: 'ModelingProject1::CalendarSystem::DataStorage::FakeStorage::SaveEvent::timeSpan' -  (Parameter)" />
  <Message Timestamp="2014-10-09T23:08:06" Importance="Diagnostic" Text="Element reverse engineered into the UML model: 'ModelingProject1::CalendarSystem::DataStorage::FakeStorage::UpdateEvent' -  (Operation)" />
  <Message Timestamp="2014-10-09T23:08:06" Importance="Diagnostic" Text="Element reverse engineered into the UML model: 'ModelingProject1::CalendarSystem::DataStorage::FakeStorage::UpdateEvent::dateTime' -  (Parameter)" />
  <Message Timestamp="2014-10-09T23:08:06" Importance="Diagnostic" Text="Element reverse engineered into the UML model: 'ModelingProject1::CalendarSystem::DataStorage::FakeStorage::UpdateEvent::description' -  (Parameter)" />
  <Message Timestamp="2014-10-09T23:08:06" Importance="Diagnostic" Text="Element reverse engineered into the UML model: 'ModelingProject1::CalendarSystem::DataStorage::FakeStorage::UpdateEvent::ID' -  (Parameter)" />
  <Message Timestamp="2014-10-09T23:08:06" Importance="Diagnostic" Text="Element reverse engineered into the UML model: 'ModelingProject1::CalendarSystem::DataStorage::FakeStorage::UpdateEvent::notification' -  (Parameter)" />
  <Message Timestamp="2014-10-09T23:08:06" Importance="Diagnostic" Text="Element reverse engineered into the UML model: 'ModelingProject1::CalendarSystem::DataStorage::FakeStorage::UpdateEvent::timeSpan' -  (Parameter)" />
  <Message Timestamp="2014-10-09T23:08:06" Importance="Medium" Text="Element reverse engineered into the UML model: 'ModelingProject1::CalendarSystem::DataStorage::IAbstractStorage' -  (Interface)" />
  <Message Timestamp="2014-10-09T23:08:06" Importance="Diagnostic" Text="Element reverse engineered into the UML model: 'ModelingProject1::CalendarSystem::DataStorage::IAbstractStorage::CreateTag' -  (Operation)" />
  <Message Timestamp="2014-10-09T23:08:06" Importance="Diagnostic" Text="Element reverse engineered into the UML model: 'ModelingProject1::CalendarSystem::DataStorage::IAbstractStorage::CreateTag::tag' -  (Parameter)" />
  <Message Timestamp="2014-10-09T23:08:06" Importance="Diagnostic" Text="Element reverse engineered into the UML model: 'ModelingProject1::CalendarSystem::DataStorage::IAbstractStorage::GetAllEvents' -  (Operation)" />
  <Message Timestamp="2014-10-09T23:08:06" Importance="Diagnostic" Text="Element reverse engineered into the UML model: 'ModelingProject1::CalendarSystem::DataStorage::IAbstractStorage::GetEvent' -  (Operation)" />
  <Message Timestamp="2014-10-09T23:08:06" Importance="Diagnostic" Text="Element reverse engineered into the UML model: 'ModelingProject1::CalendarSystem::DataStorage::IAbstractStorage::GetEvent::ID' -  (Parameter)" />
  <Message Timestamp="2014-10-09T23:08:06" Importance="Diagnostic" Text="Element reverse engineered into the UML model: 'ModelingProject1::CalendarSystem::DataStorage::IAbstractStorage::GetEventsBetweenDates' -  (Operation)" />
  <Message Timestamp="2014-10-09T23:08:06" Importance="Diagnostic" Text="Element reverse engineered into the UML model: 'ModelingProject1::CalendarSystem::DataStorage::IAbstractStorage::GetEventsBetweenDates::beginDateTime' -  (Parameter)" />
  <Message Timestamp="2014-10-09T23:08:06" Importance="Diagnostic" Text="Element reverse engineered into the UML model: 'ModelingProject1::CalendarSystem::DataStorage::IAbstractStorage::GetEventsBetweenDates::endDateTime' -  (Parameter)" />
  <Message Timestamp="2014-10-09T23:08:06" Importance="Diagnostic" Text="Element reverse engineered into the UML model: 'ModelingProject1::CalendarSystem::DataStorage::IAbstractStorage::loginAuthentication' -  (Operation)" />
  <Message Timestamp="2014-10-09T23:08:06" Importance="Diagnostic" Text="Element reverse engineered into the UML model: 'ModelingProject1::CalendarSystem::DataStorage::IAbstractStorage::loginAuthentication::password' -  (Parameter)" />
  <Message Timestamp="2014-10-09T23:08:06" Importance="Diagnostic" Text="Element reverse engineered into the UML model: 'ModelingProject1::CalendarSystem::DataStorage::IAbstractStorage::loginAuthentication::userName' -  (Parameter)" />
  <Message Timestamp="2014-10-09T23:08:06" Importance="Diagnostic" Text="Element reverse engineered into the UML model: 'ModelingProject1::CalendarSystem::DataStorage::IAbstractStorage::SaveEvent' -  (Operation)" />
  <Message Timestamp="2014-10-09T23:08:06" Importance="Diagnostic" Text="Element reverse engineered into the UML model: 'ModelingProject1::CalendarSystem::DataStorage::IAbstractStorage::SaveEvent::dateTime' -  (Parameter)" />
  <Message Timestamp="2014-10-09T23:08:06" Importance="Diagnostic" Text="Element reverse engineered into the UML model: 'ModelingProject1::CalendarSystem::DataStorage::IAbstractStorage::SaveEvent::description' -  (Parameter)" />
  <Message Timestamp="2014-10-09T23:08:06" Importance="Diagnostic" Text="Element reverse engineered into the UML model: 'ModelingProject1::CalendarSystem::DataStorage::IAbstractStorage::SaveEvent::notification' -  (Parameter)" />
  <Message Timestamp="2014-10-09T23:08:06" Importance="Diagnostic" Text="Element reverse engineered into the UML model: 'ModelingProject1::CalendarSystem::DataStorage::IAbstractStorage::SaveEvent::timeSpan' -  (Parameter)" />
  <Message Timestamp="2014-10-09T23:08:06" Importance="Diagnostic" Text="Element reverse engineered into the UML model: 'ModelingProject1::CalendarSystem::DataStorage::IAbstractStorage::UpdateEvent' -  (Operation)" />
  <Message Timestamp="2014-10-09T23:08:06" Importance="Diagnostic" Text="Element reverse engineered into the UML model: 'ModelingProject1::CalendarSystem::DataStorage::IAbstractStorage::UpdateEvent::dateTime' -  (Parameter)" />
  <Message Timestamp="2014-10-09T23:08:06" Importance="Diagnostic" Text="Element reverse engineered into the UML model: 'ModelingProject1::CalendarSystem::DataStorage::IAbstractStorage::UpdateEvent::description' -  (Parameter)" />
  <Message Timestamp="2014-10-09T23:08:06" Importance="Diagnostic" Text="Element reverse engineered into the UML model: 'ModelingProject1::CalendarSystem::DataStorage::IAbstractStorage::UpdateEvent::ID' -  (Parameter)" />
  <Message Timestamp="2014-10-09T23:08:06" Importance="Diagnostic" Text="Element reverse engineered into the UML model: 'ModelingProject1::CalendarSystem::DataStorage::IAbstractStorage::UpdateEvent::notification' -  (Parameter)" />
  <Message Timestamp="2014-10-09T23:08:06" Importance="Diagnostic" Text="Element reverse engineered into the UML model: 'ModelingProject1::CalendarSystem::DataStorage::IAbstractStorage::UpdateEvent::timeSpan' -  (Parameter)" />
  <Message Timestamp="2014-10-09T23:08:06" Importance="Medium" Text="Element reverse engineered into the UML model: 'ModelingProject1::CalendarSystem::DataStorage::IConnection' -  (Interface)" />
  <Message Timestamp="2014-10-09T23:08:06" Importance="Medium" Text="Element reverse engineered into the UML model: 'ModelingProject1::CalendarSystem::DataStorage::IStorage' -  (Interface)" />
  <Message Timestamp="2014-10-09T23:08:06" Importance="Diagnostic" Text="Element reverse engineered into the UML model: 'ModelingProject1::CalendarSystem::DataStorage::IStorage::CreateTag' -  (Operation)" />
  <Message Timestamp="2014-10-09T23:08:06" Importance="Diagnostic" Text="Element reverse engineered into the UML model: 'ModelingProject1::CalendarSystem::DataStorage::IStorage::CreateTag::tag' -  (Parameter)" />
  <Message Timestamp="2014-10-09T23:08:06" Importance="Diagnostic" Text="Element reverse engineered into the UML model: 'ModelingProject1::CalendarSystem::DataStorage::IStorage::GetAllEvents' -  (Operation)" />
  <Message Timestamp="2014-10-09T23:08:06" Importance="Diagnostic" Text="Element reverse engineered into the UML model: 'ModelingProject1::CalendarSystem::DataStorage::IStorage::GetEvent' -  (Operation)" />
  <Message Timestamp="2014-10-09T23:08:06" Importance="Diagnostic" Text="Element reverse engineered into the UML model: 'ModelingProject1::CalendarSystem::DataStorage::IStorage::GetEvent::ID' -  (Parameter)" />
  <Message Timestamp="2014-10-09T23:08:06" Importance="Diagnostic" Text="Element reverse engineered into the UML model: 'ModelingProject1::CalendarSystem::DataStorage::IStorage::GetEventsBetweenDates' -  (Operation)" />
  <Message Timestamp="2014-10-09T23:08:06" Importance="Diagnostic" Text="Element reverse engineered into the UML model: 'ModelingProject1::CalendarSystem::DataStorage::IStorage::GetEventsBetweenDates::beginDateTime' -  (Parameter)" />
  <Message Timestamp="2014-10-09T23:08:06" Importance="Diagnostic" Text="Element reverse engineered into the UML model: 'ModelingProject1::CalendarSystem::DataStorage::IStorage::GetEventsBetweenDates::enDateTime' -  (Parameter)" />
  <Message Timestamp="2014-10-09T23:08:06" Importance="Diagnostic" Text="Element reverse engineered into the UML model: 'ModelingProject1::CalendarSystem::DataStorage::IStorage::loginAuthentication' -  (Operation)" />
  <Message Timestamp="2014-10-09T23:08:06" Importance="Diagnostic" Text="Element reverse engineered into the UML model: 'ModelingProject1::CalendarSystem::DataStorage::IStorage::loginAuthentication::password' -  (Parameter)" />
  <Message Timestamp="2014-10-09T23:08:06" Importance="Diagnostic" Text="Element reverse engineered into the UML model: 'ModelingProject1::CalendarSystem::DataStorage::IStorage::loginAuthentication::userName' -  (Parameter)" />
  <Message Timestamp="2014-10-09T23:08:06" Importance="Diagnostic" Text="Element reverse engineered into the UML model: 'ModelingProject1::CalendarSystem::DataStorage::IStorage::SaveEvent' -  (Operation)" />
  <Message Timestamp="2014-10-09T23:08:06" Importance="Diagnostic" Text="Element reverse engineered into the UML model: 'ModelingProject1::CalendarSystem::DataStorage::IStorage::SaveEvent::dateTime' -  (Parameter)" />
  <Message Timestamp="2014-10-09T23:08:06" Importance="Diagnostic" Text="Element reverse engineered into the UML model: 'ModelingProject1::CalendarSystem::DataStorage::IStorage::SaveEvent::description' -  (Parameter)" />
  <Message Timestamp="2014-10-09T23:08:06" Importance="Diagnostic" Text="Element reverse engineered into the UML model: 'ModelingProject1::CalendarSystem::DataStorage::IStorage::SaveEvent::notification' -  (Parameter)" />
  <Message Timestamp="2014-10-09T23:08:06" Importance="Diagnostic" Text="Element reverse engineered into the UML model: 'ModelingProject1::CalendarSystem::DataStorage::IStorage::SaveEvent::timeSpan' -  (Parameter)" />
  <Message Timestamp="2014-10-09T23:08:06" Importance="Diagnostic" Text="Element reverse engineered into the UML model: 'ModelingProject1::CalendarSystem::DataStorage::IStorage::UpdateEvent' -  (Operation)" />
  <Message Timestamp="2014-10-09T23:08:06" Importance="Diagnostic" Text="Element reverse engineered into the UML model: 'ModelingProject1::CalendarSystem::DataStorage::IStorage::UpdateEvent::dateTime' -  (Parameter)" />
  <Message Timestamp="2014-10-09T23:08:06" Importance="Diagnostic" Text="Element reverse engineered into the UML model: 'ModelingProject1::CalendarSystem::DataStorage::IStorage::UpdateEvent::description' -  (Parameter)" />
  <Message Timestamp="2014-10-09T23:08:06" Importance="Diagnostic" Text="Element reverse engineered into the UML model: 'ModelingProject1::CalendarSystem::DataStorage::IStorage::UpdateEvent::ID' -  (Parameter)" />
  <Message Timestamp="2014-10-09T23:08:06" Importance="Diagnostic" Text="Element reverse engineered into the UML model: 'ModelingProject1::CalendarSystem::DataStorage::IStorage::UpdateEvent::notification' -  (Parameter)" />
  <Message Timestamp="2014-10-09T23:08:06" Importance="Diagnostic" Text="Element reverse engineered into the UML model: 'ModelingProject1::CalendarSystem::DataStorage::IStorage::UpdateEvent::timeSpan' -  (Parameter)" />
  <Message Timestamp="2014-10-09T23:08:06" Importance="Medium" Text="Element reverse engineered into the UML model: 'ModelingProject1::CalendarSystem::DataStorage::OfflineConnection' -  (Class)" />
  <Message Timestamp="2014-10-09T23:08:06" Importance="Diagnostic" Text="Element reverse engineered into the UML model: 'ModelingProject1::CalendarSystem::DataStorage::OfflineConnection::OfflineConnection' -  (Operation)" />
  <Message Timestamp="2014-10-09T23:08:06" Importance="Medium" Text="Element reverse engineered into the UML model: 'ModelingProject1::CalendarSystem::DataStorage::OnlineConnection' -  (Class)" />
  <Message Timestamp="2014-10-09T23:08:06" Importance="Diagnostic" Text="Element reverse engineered into the UML model: 'ModelingProject1::CalendarSystem::DataStorage::OnlineConnection::OnlineConnection' -  (Operation)" />
  <Message Timestamp="2014-10-09T23:08:06" Importance="Medium" Text="Element reverse engineered into the UML model: 'ModelingProject1::CalendarSystem::DataStorage::storageTypes' -  (Enumeration)" />
  <Message Timestamp="2014-10-09T23:08:06" Importance="Diagnostic" Text="Element reverse engineered into the UML model: 'ModelingProject1::CalendarSystem::DataStorage::storageTypes::Database' -  (EnumerationLiteral)" />
  <Message Timestamp="2014-10-09T23:08:06" Importance="Diagnostic" Text="Element reverse engineered into the UML model: 'ModelingProject1::CalendarSystem::DataStorage::storageTypes::TestStub' -  (EnumerationLiteral)" />
  <Message Timestamp="2014-10-09T23:08:06" Importance="Diagnostic" Text="Element reverse engineered into the UML model: 'ModelingProject1::CalendarSystem::Model' -  (Package)" />
  <Message Timestamp="2014-10-09T23:08:06" Importance="Medium" Text="Element reverse engineered into the UML model: 'ModelingProject1::CalendarSystem::Model::Calendar' -  (Class)" />
  <Message Timestamp="2014-10-09T23:08:06" Importance="Diagnostic" Text="Element reverse engineered into the UML model: 'ModelingProject1::CalendarSystem::Model::Calendar::_Events' -  (Property)" />
  <Message Timestamp="2014-10-09T23:08:06" Importance="Diagnostic" Text="Element reverse engineered into the UML model: 'ModelingProject1::CalendarSystem::Model::Calendar::Calendar' -  (Operation)" />
  <Message Timestamp="2014-10-09T23:08:06" Importance="Diagnostic" Text="Element reverse engineered into the UML model: 'ModelingProject1::CalendarSystem::Model::Calendar::createCalenderEntry' -  (Operation)" />
  <Message Timestamp="2014-10-09T23:08:06" Importance="Diagnostic" Text="Element reverse engineered into the UML model: 'ModelingProject1::CalendarSystem::Model::Calendar::createCalenderEntry::newEvent' -  (Parameter)" />
  <Message Timestamp="2014-10-09T23:08:06" Importance="Diagnostic" Text="Element reverse engineered into the UML model: 'ModelingProject1::CalendarSystem::Model::Calendar::GetEvent' -  (Operation)" />
  <Message Timestamp="2014-10-09T23:08:06" Importance="Diagnostic" Text="Element reverse engineered into the UML model: 'ModelingProject1::CalendarSystem::Model::Calendar::GetEvent::ID' -  (Parameter)" />
  <Message Timestamp="2014-10-09T23:08:06" Importance="Diagnostic" Text="Element reverse engineered into the UML model: 'ModelingProject1::CalendarSystem::Model::Calendar::updateCalenderEntry' -  (Operation)" />
  <Message Timestamp="2014-10-09T23:08:06" Importance="Diagnostic" Text="Element reverse engineered into the UML model: 'ModelingProject1::CalendarSystem::Model::Calendar::updateCalenderEntry::newEvent' -  (Parameter)" />
  <Message Timestamp="2014-10-09T23:08:06" Importance="Medium" Text="Element reverse engineered into the UML model: 'ModelingProject1::CalendarSystem::Model::Event' -  (Class)" />
  <Message Timestamp="2014-10-09T23:08:06" Importance="Diagnostic" Text="Element reverse engineered into the UML model: 'ModelingProject1::CalendarSystem::Model::Event::_date' -  (Property)" />
  <Message Timestamp="2014-10-09T23:08:06" Importance="Diagnostic" Text="Element reverse engineered into the UML model: 'ModelingProject1::CalendarSystem::Model::Event::_description' -  (Property)" />
  <Message Timestamp="2014-10-09T23:08:06" Importance="Diagnostic" Text="Element reverse engineered into the UML model: 'ModelingProject1::CalendarSystem::Model::Event::_ID' -  (Property)" />
  <Message Timestamp="2014-10-09T23:08:06" Importance="Diagnostic" Text="Element reverse engineered into the UML model: 'ModelingProject1::CalendarSystem::Model::Event::_notification' -  (Property)" />
  <Message Timestamp="2014-10-09T23:08:06" Importance="Diagnostic" Text="Element reverse engineered into the UML model: 'ModelingProject1::CalendarSystem::Model::Event::_timeSpan' -  (Property)" />
  <Message Timestamp="2014-10-09T23:08:06" Importance="Diagnostic" Text="Element reverse engineered into the UML model: 'ModelingProject1::CalendarSystem::Model::Event::changeTag' -  (Operation)" />
  <Message Timestamp="2014-10-09T23:08:06" Importance="Diagnostic" Text="Element reverse engineered into the UML model: 'ModelingProject1::CalendarSystem::Model::Event::changeTag::tag' -  (Parameter)" />
  <Message Timestamp="2014-10-09T23:08:06" Importance="Diagnostic" Text="Element reverse engineered into the UML model: 'ModelingProject1::CalendarSystem::Model::Event::Event' -  (Operation)" />
  <Message Timestamp="2014-10-09T23:08:06" Importance="Diagnostic" Text="Element reverse engineered into the UML model: 'ModelingProject1::CalendarSystem::Model::Event::Event::date' -  (Parameter)" />
  <Message Timestamp="2014-10-09T23:08:06" Importance="Diagnostic" Text="Element reverse engineered into the UML model: 'ModelingProject1::CalendarSystem::Model::Event::Event::description' -  (Parameter)" />
  <Message Timestamp="2014-10-09T23:08:06" Importance="Diagnostic" Text="Element reverse engineered into the UML model: 'ModelingProject1::CalendarSystem::Model::Event::Event::ID' -  (Parameter)" />
  <Message Timestamp="2014-10-09T23:08:06" Importance="Diagnostic" Text="Element reverse engineered into the UML model: 'ModelingProject1::CalendarSystem::Model::Event::Event::notification' -  (Parameter)" />
  <Message Timestamp="2014-10-09T23:08:06" Importance="Diagnostic" Text="Element reverse engineered into the UML model: 'ModelingProject1::CalendarSystem::Model::Event::Event::timespan' -  (Parameter)" />
  <Message Timestamp="2014-10-09T23:08:06" Importance="Medium" Text="Element reverse engineered into the UML model: 'ModelingProject1::CalendarSystem::Model::GoogleCalendarEntry' -  (Class)" />
  <Message Timestamp="2014-10-09T23:08:06" Importance="Diagnostic" Text="Element reverse engineered into the UML model: 'ModelingProject1::CalendarSystem::Model::GoogleCalendarEntry::GoogleCalendarEntry' -  (Operation)" />
  <Message Timestamp="2014-10-09T23:08:06" Importance="Medium" Text="Element reverse engineered into the UML model: 'ModelingProject1::CalendarSystem::Model::GoogleCalendarEvent' -  (Class)" />
  <Message Timestamp="2014-10-09T23:08:06" Importance="Diagnostic" Text="Element reverse engineered into the UML model: 'ModelingProject1::CalendarSystem::Model::GoogleCalendarEvent::_date' -  (Property)" />
  <Message Timestamp="2014-10-09T23:08:06" Importance="Diagnostic" Text="Element reverse engineered into the UML model: 'ModelingProject1::CalendarSystem::Model::GoogleCalendarEvent::_description' -  (Property)" />
  <Message Timestamp="2014-10-09T23:08:06" Importance="Diagnostic" Text="Element reverse engineered into the UML model: 'ModelingProject1::CalendarSystem::Model::GoogleCalendarEvent::_googleCalendarEntry' -  (Property)" />
  <Message Timestamp="2014-10-09T23:08:06" Importance="Diagnostic" Text="Element reverse engineered into the UML model: 'ModelingProject1::CalendarSystem::Model::GoogleCalendarEvent::_ID' -  (Property)" />
  <Message Timestamp="2014-10-09T23:08:06" Importance="Diagnostic" Text="Element reverse engineered into the UML model: 'ModelingProject1::CalendarSystem::Model::GoogleCalendarEvent::_notification' -  (Property)" />
  <Message Timestamp="2014-10-09T23:08:06" Importance="Diagnostic" Text="Element reverse engineered into the UML model: 'ModelingProject1::CalendarSystem::Model::GoogleCalendarEvent::_timeSpan' -  (Property)" />
  <Message Timestamp="2014-10-09T23:08:06" Importance="Diagnostic" Text="Element reverse engineered into the UML model: 'ModelingProject1::CalendarSystem::Model::GoogleCalendarEvent::changeTag' -  (Operation)" />
  <Message Timestamp="2014-10-09T23:08:06" Importance="Diagnostic" Text="Element reverse engineered into the UML model: 'ModelingProject1::CalendarSystem::Model::GoogleCalendarEvent::changeTag::tag' -  (Parameter)" />
  <Message Timestamp="2014-10-09T23:08:06" Importance="Diagnostic" Text="Element reverse engineered into the UML model: 'ModelingProject1::CalendarSystem::Model::GoogleCalendarEvent::GoogleCalendarEvent' -  (Operation)" />
  <Message Timestamp="2014-10-09T23:08:06" Importance="Diagnostic" Text="Element reverse engineered into the UML model: 'ModelingProject1::CalendarSystem::Model::GoogleCalendarEvent::GoogleCalendarEvent::googleCalendarEntry' -  (Parameter)" />
  <Message Timestamp="2014-10-09T23:08:06" Importance="Medium" Text="Element reverse engineered into the UML model: 'ModelingProject1::CalendarSystem::Model::IEvent' -  (Interface)" />
  <Message Timestamp="2014-10-09T23:08:06" Importance="Diagnostic" Text="Element reverse engineered into the UML model: 'ModelingProject1::CalendarSystem::Model::IEvent::_date' -  (Property)" />
  <Message Timestamp="2014-10-09T23:08:06" Importance="Diagnostic" Text="Element reverse engineered into the UML model: 'ModelingProject1::CalendarSystem::Model::IEvent::_description' -  (Property)" />
  <Message Timestamp="2014-10-09T23:08:06" Importance="Diagnostic" Text="Element reverse engineered into the UML model: 'ModelingProject1::CalendarSystem::Model::IEvent::_ID' -  (Property)" />
  <Message Timestamp="2014-10-09T23:08:06" Importance="Diagnostic" Text="Element reverse engineered into the UML model: 'ModelingProject1::CalendarSystem::Model::IEvent::_notification' -  (Property)" />
  <Message Timestamp="2014-10-09T23:08:06" Importance="Diagnostic" Text="Element reverse engineered into the UML model: 'ModelingProject1::CalendarSystem::Model::IEvent::_timeSpan' -  (Property)" />
  <Message Timestamp="2014-10-09T23:08:06" Importance="Diagnostic" Text="Element reverse engineered into the UML model: 'ModelingProject1::CalendarSystem::Model::IEvent::tag' -  (Property)" />
  <Message Timestamp="2014-10-09T23:08:06" Importance="Medium" Text="Element reverse engineered into the UML model: 'ModelingProject1::CalendarSystem::Model::IObservable' -  (Interface)" />
  <Message Timestamp="2014-10-09T23:08:06" Importance="Diagnostic" Text="Element reverse engineered into the UML model: 'ModelingProject1::CalendarSystem::Model::IObservable::BeObserved' -  (Operation)" />
  <Message Timestamp="2014-10-09T23:08:06" Importance="Diagnostic" Text="Element reverse engineered into the UML model: 'ModelingProject1::CalendarSystem::Model::IObservable::BeObserved::observer' -  (Parameter)" />
  <Message Timestamp="2014-10-09T23:08:06" Importance="Diagnostic" Text="Element reverse engineered into the UML model: 'ModelingProject1::CalendarSystem::Model::IObservable::BeObserved::observers' -  (Parameter)" />
  <Message Timestamp="2014-10-09T23:08:06" Importance="Diagnostic" Text="Element reverse engineered into the UML model: 'ModelingProject1::CalendarSystem::Model::IObservable::NotifyObservers' -  (Operation)" />
  <Message Timestamp="2014-10-09T23:08:06" Importance="Medium" Text="Element reverse engineered into the UML model: 'ModelingProject1::CalendarSystem::Model::IObserver' -  (Interface)" />
  <Message Timestamp="2014-10-09T23:08:06" Importance="Diagnostic" Text="Element reverse engineered into the UML model: 'ModelingProject1::CalendarSystem::Model::IObserver::BeNotifiedByObserved' -  (Operation)" />
  <Message Timestamp="2014-10-09T23:08:06" Importance="Medium" Text="Element reverse engineered into the UML model: 'ModelingProject1::CalendarSystem::Model::LinkedEvents' -  (Class)" />
  <Message Timestamp="2014-10-09T23:08:06" Importance="Diagnostic" Text="Element reverse engineered into the UML model: 'ModelingProject1::CalendarSystem::Model::LinkedEvents::_date' -  (Property)" />
  <Message Timestamp="2014-10-09T23:08:06" Importance="Diagnostic" Text="Element reverse engineered into the UML model: 'ModelingProject1::CalendarSystem::Model::LinkedEvents::_description' -  (Property)" />
  <Message Timestamp="2014-10-09T23:08:06" Importance="Diagnostic" Text="Element reverse engineered into the UML model: 'ModelingProject1::CalendarSystem::Model::LinkedEvents::_ID' -  (Property)" />
  <Message Timestamp="2014-10-09T23:08:06" Importance="Diagnostic" Text="Element reverse engineered into the UML model: 'ModelingProject1::CalendarSystem::Model::LinkedEvents::_notification' -  (Property)" />
  <Message Timestamp="2014-10-09T23:08:06" Importance="Diagnostic" Text="Element reverse engineered into the UML model: 'ModelingProject1::CalendarSystem::Model::LinkedEvents::_timeSpan' -  (Property)" />
  <Message Timestamp="2014-10-09T23:08:06" Importance="Diagnostic" Text="Element reverse engineered into the UML model: 'ModelingProject1::CalendarSystem::Model::LinkedEvents::AddEvent' -  (Operation)" />
  <Message Timestamp="2014-10-09T23:08:06" Importance="Diagnostic" Text="Element reverse engineered into the UML model: 'ModelingProject1::CalendarSystem::Model::LinkedEvents::AddEvent::anEvent' -  (Parameter)" />
  <Message Timestamp="2014-10-09T23:08:06" Importance="Diagnostic" Text="Element reverse engineered into the UML model: 'ModelingProject1::CalendarSystem::Model::LinkedEvents::AddRangeOfEvent' -  (Operation)" />
  <Message Timestamp="2014-10-09T23:08:06" Importance="Diagnostic" Text="Element reverse engineered into the UML model: 'ModelingProject1::CalendarSystem::Model::LinkedEvents::AddRangeOfEvent::someEvents' -  (Parameter)" />
  <Message Timestamp="2014-10-09T23:08:06" Importance="Diagnostic" Text="Element reverse engineered into the UML model: 'ModelingProject1::CalendarSystem::Model::LinkedEvents::changeTag' -  (Operation)" />
  <Message Timestamp="2014-10-09T23:08:06" Importance="Diagnostic" Text="Element reverse engineered into the UML model: 'ModelingProject1::CalendarSystem::Model::LinkedEvents::changeTag::tag' -  (Parameter)" />
  <Message Timestamp="2014-10-09T23:08:06" Importance="Diagnostic" Text="Element reverse engineered into the UML model: 'ModelingProject1::CalendarSystem::Model::LinkedEvents::events' -  (Property)" />
  <Message Timestamp="2014-10-09T23:08:06" Importance="Diagnostic" Text="Element reverse engineered into the UML model: 'ModelingProject1::CalendarSystem::Model::LinkedEvents::LinkedEvents' -  (Operation)" />
  <Message Timestamp="2014-10-09T23:08:06" Importance="Medium" Text="Element reverse engineered into the UML model: 'ModelingProject1::CalendarSystem::Model::Notification' -  (Class)" />
  <Message Timestamp="2014-10-09T23:08:06" Importance="Diagnostic" Text="Element reverse engineered into the UML model: 'ModelingProject1::CalendarSystem::Model::Notification::_date' -  (Property)" />
  <Message Timestamp="2014-10-09T23:08:06" Importance="Diagnostic" Text="Element reverse engineered into the UML model: 'ModelingProject1::CalendarSystem::Model::Notification::_description' -  (Property)" />
  <Message Timestamp="2014-10-09T23:08:06" Importance="Diagnostic" Text="Element reverse engineered into the UML model: 'ModelingProject1::CalendarSystem::Model::Notification::isInAlarmState' -  (Operation)" />
  <Message Timestamp="2014-10-09T23:08:06" Importance="Diagnostic" Text="Element reverse engineered into the UML model: 'ModelingProject1::CalendarSystem::Model::Notification::Notification' -  (Operation)" />
  <Message Timestamp="2014-10-09T23:08:06" Importance="Diagnostic" Text="Element reverse engineered into the UML model: 'ModelingProject1::CalendarSystem::Model::Notification::Notification::date' -  (Parameter)" />
  <Message Timestamp="2014-10-09T23:08:06" Importance="Diagnostic" Text="Element reverse engineered into the UML model: 'ModelingProject1::CalendarSystem::Model::Notification::Notification::description' -  (Parameter)" />
  <Message Timestamp="2014-10-09T23:08:06" Importance="Medium" Text="Element reverse engineered into the UML model: 'ModelingProject1::CalendarSystem::Startup' -  (Class)" />
  <Message Timestamp="2014-10-09T23:08:06" Importance="Diagnostic" Text="Element reverse engineered into the UML model: 'ModelingProject1::CalendarSystem::Startup::Main' -  (Operation)" />
  <Message Timestamp="2014-10-09T23:08:06" Importance="Diagnostic" Text="Element reverse engineered into the UML model: 'ModelingProject1::CalendarSystem::Startup::Main::args' -  (Parameter)" />
  <Message Timestamp="2014-10-09T23:08:06" Importance="Diagnostic" Text="Element reverse engineered into the UML model: 'ModelingProject1::CalendarSystem::View' -  (Package)" />
  <Message Timestamp="2014-10-09T23:08:06" Importance="Medium" Text="Element reverse engineered into the UML model: 'ModelingProject1::CalendarSystem::View::CalendarView' -  (Class)" />
  <Message Timestamp="2014-10-09T23:08:06" Importance="Diagnostic" Text="Element reverse engineered into the UML model: 'ModelingProject1::CalendarSystem::View::CalendarView::CalendarView' -  (Operation)" />
  <Message Timestamp="2014-10-09T23:08:06" Importance="Diagnostic" Text="Element reverse engineered into the UML model: 'ModelingProject1::CalendarSystem::View::CalendarView::changeOverviewType' -  (Operation)" />
  <Message Timestamp="2014-10-09T23:08:06" Importance="Diagnostic" Text="Element reverse engineered into the UML model: 'ModelingProject1::CalendarSystem::View::CalendarView::changeOverviewType::overviewType' -  (Parameter)" />
  <Message Timestamp="2014-10-09T23:08:06" Importance="Diagnostic" Text="Element reverse engineered into the UML model: 'ModelingProject1::CalendarSystem::View::CalendarView::Clear' -  (Operation)" />
  <Message Timestamp="2014-10-09T23:08:06" Importance="Diagnostic" Text="Element reverse engineered into the UML model: 'ModelingProject1::CalendarSystem::View::CalendarView::currentOverviewType' -  (Property)" />
  <Message Timestamp="2014-10-09T23:08:06" Importance="Diagnostic" Text="Element reverse engineered into the UML model: 'ModelingProject1::CalendarSystem::View::CalendarView::Hide' -  (Operation)" />
  <Message Timestamp="2014-10-09T23:08:06" Importance="Diagnostic" Text="Element reverse engineered into the UML model: 'ModelingProject1::CalendarSystem::View::CalendarView::Show' -  (Operation)" />
  <Message Timestamp="2014-10-09T23:08:06" Importance="Medium" Text="Element reverse engineered into the UML model: 'ModelingProject1::CalendarSystem::View::EventView' -  (Class)" />
  <Message Timestamp="2014-10-09T23:08:06" Importance="Diagnostic" Text="Element reverse engineered into the UML model: 'ModelingProject1::CalendarSystem::View::EventView::Clear' -  (Operation)" />
  <Message Timestamp="2014-10-09T23:08:06" Importance="Diagnostic" Text="Element reverse engineered into the UML model: 'ModelingProject1::CalendarSystem::View::EventView::EventView' -  (Operation)" />
  <Message Timestamp="2014-10-09T23:08:06" Importance="Diagnostic" Text="Element reverse engineered into the UML model: 'ModelingProject1::CalendarSystem::View::EventView::Hide' -  (Operation)" />
  <Message Timestamp="2014-10-09T23:08:06" Importance="Diagnostic" Text="Element reverse engineered into the UML model: 'ModelingProject1::CalendarSystem::View::EventView::Show' -  (Operation)" />
  <Message Timestamp="2014-10-09T23:08:06" Importance="Medium" Text="Element reverse engineered into the UML model: 'ModelingProject1::CalendarSystem::View::IViews' -  (Interface)" />
  <Message Timestamp="2014-10-09T23:08:06" Importance="Diagnostic" Text="Element reverse engineered into the UML model: 'ModelingProject1::CalendarSystem::View::IViews::Clear' -  (Operation)" />
  <Message Timestamp="2014-10-09T23:08:06" Importance="Diagnostic" Text="Element reverse engineered into the UML model: 'ModelingProject1::CalendarSystem::View::IViews::Hide' -  (Operation)" />
  <Message Timestamp="2014-10-09T23:08:06" Importance="Diagnostic" Text="Element reverse engineered into the UML model: 'ModelingProject1::CalendarSystem::View::IViews::Show' -  (Operation)" />
  <Message Timestamp="2014-10-09T23:08:06" Importance="Medium" Text="Element reverse engineered into the UML model: 'ModelingProject1::CalendarSystem::View::LoginView' -  (Class)" />
  <Message Timestamp="2014-10-09T23:08:06" Importance="Diagnostic" Text="Element reverse engineered into the UML model: 'ModelingProject1::CalendarSystem::View::LoginView::Clear' -  (Operation)" />
  <Message Timestamp="2014-10-09T23:08:06" Importance="Diagnostic" Text="Element reverse engineered into the UML model: 'ModelingProject1::CalendarSystem::View::LoginView::Hide' -  (Operation)" />
  <Message Timestamp="2014-10-09T23:08:06" Importance="Diagnostic" Text="Element reverse engineered into the UML model: 'ModelingProject1::CalendarSystem::View::LoginView::LoginView' -  (Operation)" />
  <Message Timestamp="2014-10-09T23:08:06" Importance="Diagnostic" Text="Element reverse engineered into the UML model: 'ModelingProject1::CalendarSystem::View::LoginView::okButton' -  (Operation)" />
  <Message Timestamp="2014-10-09T23:08:06" Importance="Diagnostic" Text="Element reverse engineered into the UML model: 'ModelingProject1::CalendarSystem::View::LoginView::Show' -  (Operation)" />
  <Message Timestamp="2014-10-09T23:08:06" Importance="Medium" Text="Element reverse engineered into the UML model: 'ModelingProject1::CalendarSystem::View::MainView' -  (Class)" />
  <Message Timestamp="2014-10-09T23:08:06" Importance="Diagnostic" Text="Element reverse engineered into the UML model: 'ModelingProject1::CalendarSystem::View::MainView::_calendarView' -  (Property)" />
  <Message Timestamp="2014-10-09T23:08:06" Importance="Diagnostic" Text="Element reverse engineered into the UML model: 'ModelingProject1::CalendarSystem::View::MainView::Clear' -  (Operation)" />
  <Message Timestamp="2014-10-09T23:08:06" Importance="Diagnostic" Text="Element reverse engineered into the UML model: 'ModelingProject1::CalendarSystem::View::MainView::Hide' -  (Operation)" />
  <Message Timestamp="2014-10-09T23:08:06" Importance="Diagnostic" Text="Element reverse engineered into the UML model: 'ModelingProject1::CalendarSystem::View::MainView::MainView' -  (Operation)" />
  <Message Timestamp="2014-10-09T23:08:06" Importance="Diagnostic" Text="Element reverse engineered into the UML model: 'ModelingProject1::CalendarSystem::View::MainView::MainView::calendarView' -  (Parameter)" />
  <Message Timestamp="2014-10-09T23:08:06" Importance="Diagnostic" Text="Element reverse engineered into the UML model: 'ModelingProject1::CalendarSystem::View::MainView::Show' -  (Operation)" />
  <Message Timestamp="2014-10-09T23:08:06" Importance="Medium" Text="Element reverse engineered into the UML model: 'ModelingProject1::CalendarSystem::View::NotificationView' -  (Class)" />
  <Message Timestamp="2014-10-09T23:08:06" Importance="Diagnostic" Text="Element reverse engineered into the UML model: 'ModelingProject1::CalendarSystem::View::NotificationView::Clear' -  (Operation)" />
  <Message Timestamp="2014-10-09T23:08:06" Importance="Diagnostic" Text="Element reverse engineered into the UML model: 'ModelingProject1::CalendarSystem::View::NotificationView::Hide' -  (Operation)" />
  <Message Timestamp="2014-10-09T23:08:06" Importance="Diagnostic" Text="Element reverse engineered into the UML model: 'ModelingProject1::CalendarSystem::View::NotificationView::NotificationView' -  (Operation)" />
  <Message Timestamp="2014-10-09T23:08:06" Importance="Diagnostic" Text="Element reverse engineered into the UML model: 'ModelingProject1::CalendarSystem::View::NotificationView::Show' -  (Operation)" />
  <Message Timestamp="2014-10-09T23:08:06" Importance="Medium" Text="Element reverse engineered into the UML model: 'ModelingProject1::CalendarSystem::View::OverviewType' -  (Enumeration)" />
  <Message Timestamp="2014-10-09T23:08:06" Importance="Diagnostic" Text="Element reverse engineered into the UML model: 'ModelingProject1::CalendarSystem::View::OverviewType::daily' -  (EnumerationLiteral)" />
  <Message Timestamp="2014-10-09T23:08:06" Importance="Diagnostic" Text="Element reverse engineered into the UML model: 'ModelingProject1::CalendarSystem::View::OverviewType::montly' -  (EnumerationLiteral)" />
  <Message Timestamp="2014-10-09T23:08:06" Importance="Diagnostic" Text="Element reverse engineered into the UML model: 'ModelingProject1::CalendarSystem::View::OverviewType::weekly' -  (EnumerationLiteral)" />
  <Message Timestamp="2014-10-09T23:08:06" Importance="Diagnostic" Text="Element reverse engineered into the UML model: 'ModelingProject1::System' -  (Package)" />
  <Message Timestamp="2014-10-09T23:08:06" Importance="Diagnostic" Text="Element reverse engineered into the UML model: 'ModelingProject1::System::Collections' -  (Package)" />
  <Message Timestamp="2014-10-09T23:08:06" Importance="Diagnostic" Text="Element reverse engineered into the UML model: 'ModelingProject1::System::Collections::Generic' -  (Package)" />
  <Message Timestamp="2014-10-09T23:08:06" Importance="Diagnostic" Text="Element reverse engineered into the UML model: 'ModelingProject1::System::Collections::Generic::Dictionary' -  (Class)   (partially reverse engineered - definition not updated) " />
  <Message Timestamp="2014-10-09T23:08:06" Importance="Diagnostic" Text="Element reverse engineered into the UML model: 'ModelingProject1::System::Collections::Generic::Dictionary&lt;Int32‎, Notification‎&gt;' -  (Class)   (partially reverse engineered - definition not updated) " />
  <Message Timestamp="2014-10-09T23:08:06" Importance="Diagnostic" Text="Element reverse engineered into the UML model: 'ModelingProject1::System::Collections::Generic::IList' -  (Interface)   (partially reverse engineered - definition not updated) " />
  <Message Timestamp="2014-10-09T23:08:06" Importance="Diagnostic" Text="Element reverse engineered into the UML model: 'ModelingProject1::System::Collections::Generic::IList&lt;IEvent‎&gt;' -  (Interface)   (partially reverse engineered - definition not updated) " />
  <Message Timestamp="2014-10-09T23:08:06" Importance="Diagnostic" Text="Element reverse engineered into the UML model: 'ModelingProject1::System::Collections::Generic::IList&lt;IObserver‎&gt;' -  (Interface)   (partially reverse engineered - definition not updated) " />
  <Message Timestamp="2014-10-09T23:08:06" Importance="Diagnostic" Text="Element reverse engineered into the UML model: 'ModelingProject1::System::DateTime' -  (Class)   (partially reverse engineered - definition not updated) " />
  <Message Timestamp="2014-10-09T23:08:06" Importance="Diagnostic" Text="Element reverse engineered into the UML model: 'ModelingProject1::System::TimeSpan' -  (Class)   (partially reverse engineered - definition not updated) " />
  <Message Timestamp="2014-10-09T23:08:06" Importance="Diagnostic" Text="Element reverse engineered into the UML model: 'ModelingProject1::Tag' -  (Class)   (partially reverse engineered - definition not updated) " />
  <Message Timestamp="2014-10-09T23:08:06" Importance="Diagnostic" Text="Element reverse engineered into the UML model: 'String' -  (PrimitiveType)" />
  <Message Timestamp="2014-10-09T23:08:06" Importance="Diagnostic" Text="Relationship reverse engineered into the UML model: ModelingProject1::CalendarSystem::DataStorage::AbstractStorage to ModelingProject1::CalendarSystem::DataStorage::IConnection (Association)" />
  <Message Timestamp="2014-10-09T23:08:06" Importance="Diagnostic" Text="Relationship reverse engineered into the UML model: ModelingProject1::CalendarSystem::DataStorage::AbstractStorage to ModelingProject1::CalendarSystem::DataStorage::IAbstractStorage (InterfaceRealization)" />
  <Message Timestamp="2014-10-09T23:08:06" Importance="Diagnostic" Text="Relationship reverse engineered into the UML model: ModelingProject1::CalendarSystem::View::CalendarView to ModelingProject1::CalendarSystem::View::IViews (InterfaceRealization)" />
  <Message Timestamp="2014-10-09T23:08:06" Importance="Diagnostic" Text="Relationship reverse engineered into the UML model: ModelingProject1::CalendarSystem::DataStorage::DatabaseStorage to ModelingProject1::CalendarSystem::DataStorage::IStorage (InterfaceRealization)" />
  <Message Timestamp="2014-10-09T23:08:06" Importance="Diagnostic" Text="Relationship reverse engineered into the UML model: ModelingProject1::CalendarSystem::Model::Event to ModelingProject1::System::DateTime (Association)" />
  <Message Timestamp="2014-10-09T23:08:06" Importance="Diagnostic" Text="Relationship reverse engineered into the UML model: ModelingProject1::CalendarSystem::Model::Event to ModelingProject1::CalendarSystem::Model::Notification (Association)" />
  <Message Timestamp="2014-10-09T23:08:06" Importance="Diagnostic" Text="Relationship reverse engineered into the UML model: ModelingProject1::CalendarSystem::Model::Event to ModelingProject1::System::TimeSpan (Association)" />
  <Message Timestamp="2014-10-09T23:08:06" Importance="Diagnostic" Text="Relationship reverse engineered into the UML model: ModelingProject1::CalendarSystem::Model::Event to ModelingProject1::CalendarSystem::Model::IEvent (InterfaceRealization)" />
  <Message Timestamp="2014-10-09T23:08:06" Importance="Diagnostic" Text="Relationship reverse engineered into the UML model: ModelingProject1::CalendarSystem::View::EventView to ModelingProject1::CalendarSystem::View::IViews (InterfaceRealization)" />
  <Message Timestamp="2014-10-09T23:08:06" Importance="Diagnostic" Text="Relationship reverse engineered into the UML model: ModelingProject1::CalendarSystem::DataStorage::FakeStorage to ModelingProject1::CalendarSystem::DataStorage::IStorage (InterfaceRealization)" />
  <Message Timestamp="2014-10-09T23:08:06" Importance="Diagnostic" Text="Relationship reverse engineered into the UML model: ModelingProject1::CalendarSystem::Model::GoogleCalendarEvent to ModelingProject1::System::DateTime (Association)" />
  <Message Timestamp="2014-10-09T23:08:06" Importance="Diagnostic" Text="Relationship reverse engineered into the UML model: ModelingProject1::CalendarSystem::Model::GoogleCalendarEvent to ModelingProject1::CalendarSystem::Model::Notification (Association)" />
  <Message Timestamp="2014-10-09T23:08:06" Importance="Diagnostic" Text="Relationship reverse engineered into the UML model: ModelingProject1::CalendarSystem::Model::GoogleCalendarEvent to ModelingProject1::System::TimeSpan (Association)" />
  <Message Timestamp="2014-10-09T23:08:06" Importance="Diagnostic" Text="Relationship reverse engineered into the UML model: ModelingProject1::CalendarSystem::Model::GoogleCalendarEvent to ModelingProject1::CalendarSystem::Model::IEvent (InterfaceRealization)" />
  <Message Timestamp="2014-10-09T23:08:06" Importance="Diagnostic" Text="Relationship reverse engineered into the UML model: ModelingProject1::CalendarSystem::DataStorage::IAbstractStorage to ModelingProject1::CalendarSystem::Model::IObservable (Generalization)" />
  <Message Timestamp="2014-10-09T23:08:06" Importance="Diagnostic" Text="Relationship reverse engineered into the UML model: ModelingProject1::CalendarSystem::Model::IEvent to ModelingProject1::System::DateTime (Association)" />
  <Message Timestamp="2014-10-09T23:08:06" Importance="Diagnostic" Text="Relationship reverse engineered into the UML model: ModelingProject1::CalendarSystem::Model::IEvent to ModelingProject1::CalendarSystem::Model::Notification (Association)" />
  <Message Timestamp="2014-10-09T23:08:06" Importance="Diagnostic" Text="Relationship reverse engineered into the UML model: ModelingProject1::CalendarSystem::Model::IEvent to ModelingProject1::System::TimeSpan (Association)" />
  <Message Timestamp="2014-10-09T23:08:06" Importance="Diagnostic" Text="Relationship reverse engineered into the UML model: ModelingProject1::CalendarSystem::Controller::InputController to ModelingProject1::CalendarSystem::DataStorage::IAbstractStorage (Association)" />
  <Message Timestamp="2014-10-09T23:08:06" Importance="Diagnostic" Text="Relationship reverse engineered into the UML model: ModelingProject1::CalendarSystem::DataStorage::IStorage to ModelingProject1::CalendarSystem::Model::IObservable (Generalization)" />
  <Message Timestamp="2014-10-09T23:08:06" Importance="Diagnostic" Text="Relationship reverse engineered into the UML model: ModelingProject1::CalendarSystem::Model::LinkedEvents to ModelingProject1::System::DateTime (Association)" />
  <Message Timestamp="2014-10-09T23:08:06" Importance="Diagnostic" Text="Relationship reverse engineered into the UML model: ModelingProject1::CalendarSystem::Model::LinkedEvents to ModelingProject1::CalendarSystem::Model::Notification (Association)" />
  <Message Timestamp="2014-10-09T23:08:06" Importance="Diagnostic" Text="Relationship reverse engineered into the UML model: ModelingProject1::CalendarSystem::Model::LinkedEvents to ModelingProject1::System::TimeSpan (Association)" />
  <Message Timestamp="2014-10-09T23:08:06" Importance="Diagnostic" Text="Relationship reverse engineered into the UML model: ModelingProject1::CalendarSystem::Model::LinkedEvents to ModelingProject1::CalendarSystem::Model::IEvent (InterfaceRealization)" />
  <Message Timestamp="2014-10-09T23:08:06" Importance="Diagnostic" Text="Relationship reverse engineered into the UML model: ModelingProject1::CalendarSystem::View::LoginView to ModelingProject1::CalendarSystem::View::IViews (InterfaceRealization)" />
  <Message Timestamp="2014-10-09T23:08:06" Importance="Diagnostic" Text="Relationship reverse engineered into the UML model: ModelingProject1::CalendarSystem::View::MainView to ModelingProject1::CalendarSystem::View::IViews (InterfaceRealization)" />
  <Message Timestamp="2014-10-09T23:08:06" Importance="Diagnostic" Text="Relationship reverse engineered into the UML model: ModelingProject1::CalendarSystem::Controller::NotificationController to ModelingProject1::CalendarSystem::Model::IObserver (InterfaceRealization)" />
  <Message Timestamp="2014-10-09T23:08:06" Importance="Diagnostic" Text="Relationship reverse engineered into the UML model: ModelingProject1::CalendarSystem::View::NotificationView to ModelingProject1::CalendarSystem::View::IViews (InterfaceRealization)" />
  <Message Timestamp="2014-10-09T23:08:06" Importance="Diagnostic" Text="Relationship reverse engineered into the UML model: ModelingProject1::CalendarSystem::DataStorage::OfflineConnection to ModelingProject1::CalendarSystem::DataStorage::IConnection (InterfaceRealization)" />
  <Message Timestamp="2014-10-09T23:08:06" Importance="Diagnostic" Text="Relationship reverse engineered into the UML model: ModelingProject1::CalendarSystem::DataStorage::OnlineConnection to ModelingProject1::CalendarSystem::DataStorage::IConnection (InterfaceRealization)" />
  <Message Timestamp="2014-10-09T23:08:06" Importance="Diagnostic" Text="Relationship reverse engineered into the UML model: ModelingProject1::CalendarSystem::Controller::ViewController to ModelingProject1::CalendarSystem::Model::IObserver (InterfaceRealization)" />
  <Message Timestamp="2014-10-09T23:08:06" Importance="High" Text="(29) type(s) fully reverse engineered." />
  <Message Timestamp="2014-10-09T23:08:06" Importance="High" Text="(8) type(s) partially reverse engineered.  These types were not included in the original selection so their full definitions are not reverse engineered.  Instead, this shallow operation has simply ensured these types exist in the UML model because they are needed in order to fully describe other elements." />
  <Message Timestamp="2014-10-09T23:08:06" Importance="High" Text="The reverse engineering operation completed with (0) error(s), and (0) warning(s)." />
</Log>