﻿<?xml version="1.0" encoding="utf-8"?>
<?xml-stylesheet type="text/xsl" href="file:///C:/PROGRAM FILES (X86)/MICROSOFT VISUAL STUDIO 12.0/COMMON7/IDE/EXTENSIONS/MICROSOFT/ARCHITECTURE TOOLS/EXTENSIBILITY/Logging/ReverseEngineeringLog.xslt"?>
<Log xmlns="http://schemas.microsoft.com/VisualStudio/2010/CodeGen.RE.Log" Label="Code Generation/Text Transformation Log">
  <MessageClass Name="Message" Label="Message" Option="Show informational messages" />
  <MessageClass Name="Warning" Label="Warning" Option="Show warnings" />
  <MessageClass Name="Error" Label="Error" Option="Show errors" />
  <MessageClass Name="Property" Label="Property" Option="Show metadata" />
  <MessageClass Name="Diagnostic" Label="Message" Option="Show diagnostic messages" />
  <Message Timestamp="2014-10-21T18:50:27" Importance="High" Text="Reverse Engineering Started." />
  <Message Timestamp="2014-10-21T18:50:35" Importance="Diagnostic" Text="Element reverse engineered into the UML model: '3cd8c813-eec2-484e-8c37-ac2461e6edc3' -  (ClassifierTemplateParameter)" />
  <Message Timestamp="2014-10-21T18:50:35" Importance="Diagnostic" Text="Element reverse engineered into the UML model: '8ba46158-68af-41bb-8d56-818e89ba54a4' -  (ClassifierTemplateParameter)" />
  <Message Timestamp="2014-10-21T18:50:35" Importance="Diagnostic" Text="Element reverse engineered into the UML model: 'cbc434ab-e0ae-48f6-a383-86443ef7767f' -  (ClassifierTemplateParameter)" />
  <Message Timestamp="2014-10-21T18:50:35" Importance="Diagnostic" Text="Element reverse engineered into the UML model: 'dc708186-0f6d-4515-bf6a-ff50e3eda1e3' -  (ClassifierTemplateParameter)" />
  <Message Timestamp="2014-10-21T18:50:35" Importance="Diagnostic" Text="Element reverse engineered into the UML model: 'Integer' -  (PrimitiveType)" />
  <Message Timestamp="2014-10-21T18:50:35" Importance="Diagnostic" Text="Element reverse engineered into the UML model: 'ModelingProject1::CalendarSystem' -  (Package)" />
  <Message Timestamp="2014-10-21T18:50:35" Importance="Diagnostic" Text="Element reverse engineered into the UML model: 'ModelingProject1::CalendarSystem::DataStorage' -  (Package)" />
  <Message Timestamp="2014-10-21T18:50:35" Importance="Medium" Text="Element reverse engineered into the UML model: 'ModelingProject1::CalendarSystem::DataStorage::AbstractStorageFactory' -  (Class)" />
  <Message Timestamp="2014-10-21T18:50:35" Importance="Diagnostic" Text="Element reverse engineered into the UML model: 'ModelingProject1::CalendarSystem::DataStorage::AbstractStorageFactory::AbstractStorageFactory' -  (Operation)" />
  <Message Timestamp="2014-10-21T18:50:35" Importance="Diagnostic" Text="Element reverse engineered into the UML model: 'ModelingProject1::CalendarSystem::DataStorage::AbstractStorageFactory::CreateStorage' -  (Operation)" />
  <Message Timestamp="2014-10-21T18:50:35" Importance="Medium" Text="Element reverse engineered into the UML model: 'ModelingProject1::CalendarSystem::DataStorage::CommandManager' -  (Class)" />
  <Message Timestamp="2014-10-21T18:50:35" Importance="Diagnostic" Text="Element reverse engineered into the UML model: 'ModelingProject1::CalendarSystem::DataStorage::CommandManager::CommandManager' -  (Operation)" />
  <Message Timestamp="2014-10-21T18:50:35" Importance="Diagnostic" Text="Element reverse engineered into the UML model: 'ModelingProject1::CalendarSystem::DataStorage::CommandManager::Commands' -  (Property)" />
  <Message Timestamp="2014-10-21T18:50:35" Importance="Diagnostic" Text="Element reverse engineered into the UML model: 'ModelingProject1::CalendarSystem::DataStorage::CommandManager::QueueCommands' -  (Operation)" />
  <Message Timestamp="2014-10-21T18:50:35" Importance="Diagnostic" Text="Element reverse engineered into the UML model: 'ModelingProject1::CalendarSystem::DataStorage::CommandManager::QueueCommands::command' -  (Parameter)" />
  <Message Timestamp="2014-10-21T18:50:35" Importance="Diagnostic" Text="Element reverse engineered into the UML model: 'ModelingProject1::CalendarSystem::DataStorage::CommandManager::runCommands' -  (Operation)" />
  <Message Timestamp="2014-10-21T18:50:35" Importance="Diagnostic" Text="Element reverse engineered into the UML model: 'ModelingProject1::CalendarSystem::DataStorage::CommandManager::UndoableCommands' -  (Property)" />
  <Message Timestamp="2014-10-21T18:50:35" Importance="Diagnostic" Text="Element reverse engineered into the UML model: 'ModelingProject1::CalendarSystem::DataStorage::CommandManager::undoAll' -  (Operation)" />
  <Message Timestamp="2014-10-21T18:50:35" Importance="Diagnostic" Text="Element reverse engineered into the UML model: 'ModelingProject1::CalendarSystem::DataStorage::CommandManager::undoLast' -  (Operation)" />
  <Message Timestamp="2014-10-21T18:50:35" Importance="Medium" Text="Element reverse engineered into the UML model: 'ModelingProject1::CalendarSystem::DataStorage::ConcreteDBStorageFactory' -  (Class)" />
  <Message Timestamp="2014-10-21T18:50:35" Importance="Diagnostic" Text="Element reverse engineered into the UML model: 'ModelingProject1::CalendarSystem::DataStorage::ConcreteDBStorageFactory::ConcreteDBStorageFactory' -  (Operation)" />
  <Message Timestamp="2014-10-21T18:50:35" Importance="Diagnostic" Text="Element reverse engineered into the UML model: 'ModelingProject1::CalendarSystem::DataStorage::ConcreteDBStorageFactory::CreateStorage' -  (Operation)" />
  <Message Timestamp="2014-10-21T18:50:35" Importance="Medium" Text="Element reverse engineered into the UML model: 'ModelingProject1::CalendarSystem::DataStorage::ConcreteLocalStorageFactory' -  (Class)" />
  <Message Timestamp="2014-10-21T18:50:35" Importance="Diagnostic" Text="Element reverse engineered into the UML model: 'ModelingProject1::CalendarSystem::DataStorage::ConcreteLocalStorageFactory::ConcreteLocalStorageFactory' -  (Operation)" />
  <Message Timestamp="2014-10-21T18:50:35" Importance="Diagnostic" Text="Element reverse engineered into the UML model: 'ModelingProject1::CalendarSystem::DataStorage::ConcreteLocalStorageFactory::CreateStorage' -  (Operation)" />
  <Message Timestamp="2014-10-21T18:50:35" Importance="Medium" Text="Element reverse engineered into the UML model: 'ModelingProject1::CalendarSystem::DataStorage::DatabaseStorageImplementor' -  (Class)" />
  <Message Timestamp="2014-10-21T18:50:35" Importance="Diagnostic" Text="Element reverse engineered into the UML model: 'ModelingProject1::CalendarSystem::DataStorage::DatabaseStorageImplementor::_calendar' -  (Property)" />
  <Message Timestamp="2014-10-21T18:50:35" Importance="Diagnostic" Text="Element reverse engineered into the UML model: 'ModelingProject1::CalendarSystem::DataStorage::DatabaseStorageImplementor::_password' -  (Property)" />
  <Message Timestamp="2014-10-21T18:50:35" Importance="Diagnostic" Text="Element reverse engineered into the UML model: 'ModelingProject1::CalendarSystem::DataStorage::DatabaseStorageImplementor::_username' -  (Property)" />
  <Message Timestamp="2014-10-21T18:50:35" Importance="Diagnostic" Text="Element reverse engineered into the UML model: 'ModelingProject1::CalendarSystem::DataStorage::DatabaseStorageImplementor::CreateTag' -  (Operation)" />
  <Message Timestamp="2014-10-21T18:50:35" Importance="Diagnostic" Text="Element reverse engineered into the UML model: 'ModelingProject1::CalendarSystem::DataStorage::DatabaseStorageImplementor::CreateTag::tag' -  (Parameter)" />
  <Message Timestamp="2014-10-21T18:50:35" Importance="Diagnostic" Text="Element reverse engineered into the UML model: 'ModelingProject1::CalendarSystem::DataStorage::DatabaseStorageImplementor::DatabaseStorageImplementor' -  (Operation)" />
  <Message Timestamp="2014-10-21T18:50:35" Importance="Diagnostic" Text="Element reverse engineered into the UML model: 'ModelingProject1::CalendarSystem::DataStorage::DatabaseStorageImplementor::GetAllEvents' -  (Operation)" />
  <Message Timestamp="2014-10-21T18:50:35" Importance="Diagnostic" Text="Element reverse engineered into the UML model: 'ModelingProject1::CalendarSystem::DataStorage::DatabaseStorageImplementor::getCalendar' -  (Operation)" />
  <Message Timestamp="2014-10-21T18:50:35" Importance="Diagnostic" Text="Element reverse engineered into the UML model: 'ModelingProject1::CalendarSystem::DataStorage::DatabaseStorageImplementor::GetEvent' -  (Operation)" />
  <Message Timestamp="2014-10-21T18:50:35" Importance="Diagnostic" Text="Element reverse engineered into the UML model: 'ModelingProject1::CalendarSystem::DataStorage::DatabaseStorageImplementor::GetEvent::ID' -  (Parameter)" />
  <Message Timestamp="2014-10-21T18:50:35" Importance="Diagnostic" Text="Element reverse engineered into the UML model: 'ModelingProject1::CalendarSystem::DataStorage::DatabaseStorageImplementor::GetEventsBetweenDates' -  (Operation)" />
  <Message Timestamp="2014-10-21T18:50:35" Importance="Diagnostic" Text="Element reverse engineered into the UML model: 'ModelingProject1::CalendarSystem::DataStorage::DatabaseStorageImplementor::GetEventsBetweenDates::beginDateTime' -  (Parameter)" />
  <Message Timestamp="2014-10-21T18:50:35" Importance="Diagnostic" Text="Element reverse engineered into the UML model: 'ModelingProject1::CalendarSystem::DataStorage::DatabaseStorageImplementor::GetEventsBetweenDates::endDateTime' -  (Parameter)" />
  <Message Timestamp="2014-10-21T18:50:35" Importance="Diagnostic" Text="Element reverse engineered into the UML model: 'ModelingProject1::CalendarSystem::DataStorage::DatabaseStorageImplementor::loginAuthentication' -  (Operation)" />
  <Message Timestamp="2014-10-21T18:50:35" Importance="Diagnostic" Text="Element reverse engineered into the UML model: 'ModelingProject1::CalendarSystem::DataStorage::DatabaseStorageImplementor::loginAuthentication::password' -  (Parameter)" />
  <Message Timestamp="2014-10-21T18:50:35" Importance="Diagnostic" Text="Element reverse engineered into the UML model: 'ModelingProject1::CalendarSystem::DataStorage::DatabaseStorageImplementor::loginAuthentication::userName' -  (Parameter)" />
  <Message Timestamp="2014-10-21T18:50:35" Importance="Diagnostic" Text="Element reverse engineered into the UML model: 'ModelingProject1::CalendarSystem::DataStorage::DatabaseStorageImplementor::SaveEvent' -  (Operation)" />
  <Message Timestamp="2014-10-21T18:50:35" Importance="Diagnostic" Text="Element reverse engineered into the UML model: 'ModelingProject1::CalendarSystem::DataStorage::DatabaseStorageImplementor::SaveEvent::dateTime' -  (Parameter)" />
  <Message Timestamp="2014-10-21T18:50:35" Importance="Diagnostic" Text="Element reverse engineered into the UML model: 'ModelingProject1::CalendarSystem::DataStorage::DatabaseStorageImplementor::SaveEvent::description' -  (Parameter)" />
  <Message Timestamp="2014-10-21T18:50:35" Importance="Diagnostic" Text="Element reverse engineered into the UML model: 'ModelingProject1::CalendarSystem::DataStorage::DatabaseStorageImplementor::SaveEvent::notification' -  (Parameter)" />
  <Message Timestamp="2014-10-21T18:50:35" Importance="Diagnostic" Text="Element reverse engineered into the UML model: 'ModelingProject1::CalendarSystem::DataStorage::DatabaseStorageImplementor::SaveEvent::timeSpan' -  (Parameter)" />
  <Message Timestamp="2014-10-21T18:50:35" Importance="Diagnostic" Text="Element reverse engineered into the UML model: 'ModelingProject1::CalendarSystem::DataStorage::DatabaseStorageImplementor::UpdateEvent' -  (Operation)" />
  <Message Timestamp="2014-10-21T18:50:35" Importance="Diagnostic" Text="Element reverse engineered into the UML model: 'ModelingProject1::CalendarSystem::DataStorage::DatabaseStorageImplementor::UpdateEvent::dateTime' -  (Parameter)" />
  <Message Timestamp="2014-10-21T18:50:35" Importance="Diagnostic" Text="Element reverse engineered into the UML model: 'ModelingProject1::CalendarSystem::DataStorage::DatabaseStorageImplementor::UpdateEvent::description' -  (Parameter)" />
  <Message Timestamp="2014-10-21T18:50:35" Importance="Diagnostic" Text="Element reverse engineered into the UML model: 'ModelingProject1::CalendarSystem::DataStorage::DatabaseStorageImplementor::UpdateEvent::ID' -  (Parameter)" />
  <Message Timestamp="2014-10-21T18:50:35" Importance="Diagnostic" Text="Element reverse engineered into the UML model: 'ModelingProject1::CalendarSystem::DataStorage::DatabaseStorageImplementor::UpdateEvent::notification' -  (Parameter)" />
  <Message Timestamp="2014-10-21T18:50:35" Importance="Diagnostic" Text="Element reverse engineered into the UML model: 'ModelingProject1::CalendarSystem::DataStorage::DatabaseStorageImplementor::UpdateEvent::timeSpan' -  (Parameter)" />
  <Message Timestamp="2014-10-21T18:50:35" Importance="Diagnostic" Text="Element reverse engineered into the UML model: 'ModelingProject1::CalendarSystem::DataStorage::IConnectionBaseStrategy' -  (Interface)   (partially reverse engineered - definition not updated) " />
  <Message Timestamp="2014-10-21T18:50:35" Importance="Diagnostic" Text="Element reverse engineered into the UML model: 'ModelingProject1::CalendarSystem::DataStorage::IStorage' -  (Interface)   (partially reverse engineered - definition not updated) " />
  <Message Timestamp="2014-10-21T18:50:35" Importance="Diagnostic" Text="Element reverse engineered into the UML model: 'ModelingProject1::CalendarSystem::DataStorage::IUndoableCommand' -  (Interface)   (partially reverse engineered - definition not updated) " />
  <Message Timestamp="2014-10-21T18:50:35" Importance="Medium" Text="Element reverse engineered into the UML model: 'ModelingProject1::CalendarSystem::DataStorage::LocalStorageImplementor' -  (Class)" />
  <Message Timestamp="2014-10-21T18:50:35" Importance="Diagnostic" Text="Element reverse engineered into the UML model: 'ModelingProject1::CalendarSystem::DataStorage::LocalStorageImplementor::CreateTag' -  (Operation)" />
  <Message Timestamp="2014-10-21T18:50:35" Importance="Diagnostic" Text="Element reverse engineered into the UML model: 'ModelingProject1::CalendarSystem::DataStorage::LocalStorageImplementor::CreateTag::tag' -  (Parameter)" />
  <Message Timestamp="2014-10-21T18:50:35" Importance="Diagnostic" Text="Element reverse engineered into the UML model: 'ModelingProject1::CalendarSystem::DataStorage::LocalStorageImplementor::GetAllEvents' -  (Operation)" />
  <Message Timestamp="2014-10-21T18:50:35" Importance="Diagnostic" Text="Element reverse engineered into the UML model: 'ModelingProject1::CalendarSystem::DataStorage::LocalStorageImplementor::GetEvent' -  (Operation)" />
  <Message Timestamp="2014-10-21T18:50:35" Importance="Diagnostic" Text="Element reverse engineered into the UML model: 'ModelingProject1::CalendarSystem::DataStorage::LocalStorageImplementor::GetEvent::ID' -  (Parameter)" />
  <Message Timestamp="2014-10-21T18:50:35" Importance="Diagnostic" Text="Element reverse engineered into the UML model: 'ModelingProject1::CalendarSystem::DataStorage::LocalStorageImplementor::GetEventsBetweenDates' -  (Operation)" />
  <Message Timestamp="2014-10-21T18:50:35" Importance="Diagnostic" Text="Element reverse engineered into the UML model: 'ModelingProject1::CalendarSystem::DataStorage::LocalStorageImplementor::GetEventsBetweenDates::beginDateTime' -  (Parameter)" />
  <Message Timestamp="2014-10-21T18:50:35" Importance="Diagnostic" Text="Element reverse engineered into the UML model: 'ModelingProject1::CalendarSystem::DataStorage::LocalStorageImplementor::GetEventsBetweenDates::endDateTime' -  (Parameter)" />
  <Message Timestamp="2014-10-21T18:50:35" Importance="Diagnostic" Text="Element reverse engineered into the UML model: 'ModelingProject1::CalendarSystem::DataStorage::LocalStorageImplementor::LocalStorageImplementor' -  (Operation)" />
  <Message Timestamp="2014-10-21T18:50:35" Importance="Diagnostic" Text="Element reverse engineered into the UML model: 'ModelingProject1::CalendarSystem::DataStorage::LocalStorageImplementor::loginAuthentication' -  (Operation)" />
  <Message Timestamp="2014-10-21T18:50:35" Importance="Diagnostic" Text="Element reverse engineered into the UML model: 'ModelingProject1::CalendarSystem::DataStorage::LocalStorageImplementor::loginAuthentication::password' -  (Parameter)" />
  <Message Timestamp="2014-10-21T18:50:35" Importance="Diagnostic" Text="Element reverse engineered into the UML model: 'ModelingProject1::CalendarSystem::DataStorage::LocalStorageImplementor::loginAuthentication::userName' -  (Parameter)" />
  <Message Timestamp="2014-10-21T18:50:35" Importance="Diagnostic" Text="Element reverse engineered into the UML model: 'ModelingProject1::CalendarSystem::DataStorage::LocalStorageImplementor::SaveEvent' -  (Operation)" />
  <Message Timestamp="2014-10-21T18:50:35" Importance="Diagnostic" Text="Element reverse engineered into the UML model: 'ModelingProject1::CalendarSystem::DataStorage::LocalStorageImplementor::SaveEvent::dateTime' -  (Parameter)" />
  <Message Timestamp="2014-10-21T18:50:35" Importance="Diagnostic" Text="Element reverse engineered into the UML model: 'ModelingProject1::CalendarSystem::DataStorage::LocalStorageImplementor::SaveEvent::description' -  (Parameter)" />
  <Message Timestamp="2014-10-21T18:50:35" Importance="Diagnostic" Text="Element reverse engineered into the UML model: 'ModelingProject1::CalendarSystem::DataStorage::LocalStorageImplementor::SaveEvent::notification' -  (Parameter)" />
  <Message Timestamp="2014-10-21T18:50:35" Importance="Diagnostic" Text="Element reverse engineered into the UML model: 'ModelingProject1::CalendarSystem::DataStorage::LocalStorageImplementor::SaveEvent::timeSpan' -  (Parameter)" />
  <Message Timestamp="2014-10-21T18:50:35" Importance="Diagnostic" Text="Element reverse engineered into the UML model: 'ModelingProject1::CalendarSystem::DataStorage::LocalStorageImplementor::UpdateEvent' -  (Operation)" />
  <Message Timestamp="2014-10-21T18:50:35" Importance="Diagnostic" Text="Element reverse engineered into the UML model: 'ModelingProject1::CalendarSystem::DataStorage::LocalStorageImplementor::UpdateEvent::dateTime' -  (Parameter)" />
  <Message Timestamp="2014-10-21T18:50:35" Importance="Diagnostic" Text="Element reverse engineered into the UML model: 'ModelingProject1::CalendarSystem::DataStorage::LocalStorageImplementor::UpdateEvent::description' -  (Parameter)" />
  <Message Timestamp="2014-10-21T18:50:35" Importance="Diagnostic" Text="Element reverse engineered into the UML model: 'ModelingProject1::CalendarSystem::DataStorage::LocalStorageImplementor::UpdateEvent::ID' -  (Parameter)" />
  <Message Timestamp="2014-10-21T18:50:35" Importance="Diagnostic" Text="Element reverse engineered into the UML model: 'ModelingProject1::CalendarSystem::DataStorage::LocalStorageImplementor::UpdateEvent::notification' -  (Parameter)" />
  <Message Timestamp="2014-10-21T18:50:35" Importance="Diagnostic" Text="Element reverse engineered into the UML model: 'ModelingProject1::CalendarSystem::DataStorage::LocalStorageImplementor::UpdateEvent::timeSpan' -  (Parameter)" />
  <Message Timestamp="2014-10-21T18:50:35" Importance="Medium" Text="Element reverse engineered into the UML model: 'ModelingProject1::CalendarSystem::DataStorage::OfflineConnectionStrategy' -  (Class)" />
  <Message Timestamp="2014-10-21T18:50:35" Importance="Diagnostic" Text="Element reverse engineered into the UML model: 'ModelingProject1::CalendarSystem::DataStorage::OfflineConnectionStrategy::GetStorageFactory' -  (Operation)" />
  <Message Timestamp="2014-10-21T18:50:35" Importance="Diagnostic" Text="Element reverse engineered into the UML model: 'ModelingProject1::CalendarSystem::DataStorage::OfflineConnectionStrategy::OfflineConnectionStrategy' -  (Operation)" />
  <Message Timestamp="2014-10-21T18:50:35" Importance="Medium" Text="Element reverse engineered into the UML model: 'ModelingProject1::CalendarSystem::DataStorage::OnlineConnectionStrategy' -  (Class)" />
  <Message Timestamp="2014-10-21T18:50:35" Importance="Diagnostic" Text="Element reverse engineered into the UML model: 'ModelingProject1::CalendarSystem::DataStorage::OnlineConnectionStrategy::GetStorageFactory' -  (Operation)" />
  <Message Timestamp="2014-10-21T18:50:35" Importance="Diagnostic" Text="Element reverse engineered into the UML model: 'ModelingProject1::CalendarSystem::DataStorage::OnlineConnectionStrategy::OnlineConnectionStrategy' -  (Operation)" />
  <Message Timestamp="2014-10-21T18:50:35" Importance="Medium" Text="Element reverse engineered into the UML model: 'ModelingProject1::CalendarSystem::DataStorage::StorageAbstractionBridge' -  (Class)" />
  <Message Timestamp="2014-10-21T18:50:35" Importance="Diagnostic" Text="Element reverse engineered into the UML model: 'ModelingProject1::CalendarSystem::DataStorage::StorageAbstractionBridge::CreateTag' -  (Operation)" />
  <Message Timestamp="2014-10-21T18:50:35" Importance="Diagnostic" Text="Element reverse engineered into the UML model: 'ModelingProject1::CalendarSystem::DataStorage::StorageAbstractionBridge::CreateTag::tag' -  (Parameter)" />
  <Message Timestamp="2014-10-21T18:50:35" Importance="Diagnostic" Text="Element reverse engineered into the UML model: 'ModelingProject1::CalendarSystem::DataStorage::StorageAbstractionBridge::GetAllEvents' -  (Operation)" />
  <Message Timestamp="2014-10-21T18:50:35" Importance="Diagnostic" Text="Element reverse engineered into the UML model: 'ModelingProject1::CalendarSystem::DataStorage::StorageAbstractionBridge::GetEvent' -  (Operation)" />
  <Message Timestamp="2014-10-21T18:50:35" Importance="Diagnostic" Text="Element reverse engineered into the UML model: 'ModelingProject1::CalendarSystem::DataStorage::StorageAbstractionBridge::GetEvent::ID' -  (Parameter)" />
  <Message Timestamp="2014-10-21T18:50:35" Importance="Diagnostic" Text="Element reverse engineered into the UML model: 'ModelingProject1::CalendarSystem::DataStorage::StorageAbstractionBridge::GetEventsBetweenDates' -  (Operation)" />
  <Message Timestamp="2014-10-21T18:50:35" Importance="Diagnostic" Text="Element reverse engineered into the UML model: 'ModelingProject1::CalendarSystem::DataStorage::StorageAbstractionBridge::GetEventsBetweenDates::beginDateTime' -  (Parameter)" />
  <Message Timestamp="2014-10-21T18:50:35" Importance="Diagnostic" Text="Element reverse engineered into the UML model: 'ModelingProject1::CalendarSystem::DataStorage::StorageAbstractionBridge::GetEventsBetweenDates::endDateTime' -  (Parameter)" />
  <Message Timestamp="2014-10-21T18:50:35" Importance="Diagnostic" Text="Element reverse engineered into the UML model: 'ModelingProject1::CalendarSystem::DataStorage::StorageAbstractionBridge::LoginAuthentication' -  (Operation)" />
  <Message Timestamp="2014-10-21T18:50:35" Importance="Diagnostic" Text="Element reverse engineered into the UML model: 'ModelingProject1::CalendarSystem::DataStorage::StorageAbstractionBridge::LoginAuthentication::password' -  (Parameter)" />
  <Message Timestamp="2014-10-21T18:50:35" Importance="Diagnostic" Text="Element reverse engineered into the UML model: 'ModelingProject1::CalendarSystem::DataStorage::StorageAbstractionBridge::LoginAuthentication::userName' -  (Parameter)" />
  <Message Timestamp="2014-10-21T18:50:35" Importance="Diagnostic" Text="Element reverse engineered into the UML model: 'ModelingProject1::CalendarSystem::DataStorage::StorageAbstractionBridge::SaveEvent' -  (Operation)" />
  <Message Timestamp="2014-10-21T18:50:35" Importance="Diagnostic" Text="Element reverse engineered into the UML model: 'ModelingProject1::CalendarSystem::DataStorage::StorageAbstractionBridge::SaveEvent::eventToSave' -  (Parameter)" />
  <Message Timestamp="2014-10-21T18:50:35" Importance="Diagnostic" Text="Element reverse engineered into the UML model: 'ModelingProject1::CalendarSystem::DataStorage::StorageAbstractionBridge::Storage' -  (Property)" />
  <Message Timestamp="2014-10-21T18:50:35" Importance="Diagnostic" Text="Element reverse engineered into the UML model: 'ModelingProject1::CalendarSystem::DataStorage::StorageAbstractionBridge::StorageAbstractionBridge' -  (Operation)" />
  <Message Timestamp="2014-10-21T18:50:35" Importance="Diagnostic" Text="Element reverse engineered into the UML model: 'ModelingProject1::CalendarSystem::DataStorage::StorageAbstractionBridge::UpdateEvent' -  (Operation)" />
  <Message Timestamp="2014-10-21T18:50:35" Importance="Diagnostic" Text="Element reverse engineered into the UML model: 'ModelingProject1::CalendarSystem::DataStorage::StorageAbstractionBridge::UpdateEvent::eventToUpdate' -  (Parameter)" />
  <Message Timestamp="2014-10-21T18:50:35" Importance="Medium" Text="Element reverse engineered into the UML model: 'ModelingProject1::CalendarSystem::DataStorage::StorageClient' -  (Class)" />
  <Message Timestamp="2014-10-21T18:50:35" Importance="Diagnostic" Text="Element reverse engineered into the UML model: 'ModelingProject1::CalendarSystem::DataStorage::StorageClient::saveToGoogle' -  (Operation)" />
  <Message Timestamp="2014-10-21T18:50:35" Importance="Diagnostic" Text="Element reverse engineered into the UML model: 'ModelingProject1::CalendarSystem::DataStorage::StorageClient::saveToGoogle::linkedEvents' -  (Parameter)" />
  <Message Timestamp="2014-10-21T18:50:35" Importance="Diagnostic" Text="Element reverse engineered into the UML model: 'ModelingProject1::CalendarSystem::DataStorage::StorageClient::Storage' -  (Property)" />
  <Message Timestamp="2014-10-21T18:50:35" Importance="Diagnostic" Text="Element reverse engineered into the UML model: 'ModelingProject1::CalendarSystem::DataStorage::StorageClient::StorageClient' -  (Operation)" />
  <Message Timestamp="2014-10-21T18:50:35" Importance="Diagnostic" Text="Element reverse engineered into the UML model: 'ModelingProject1::CalendarSystem::DataStorage::StorageClient::StorageClient::connection' -  (Parameter)" />
  <Message Timestamp="2014-10-21T18:50:35" Importance="Medium" Text="Element reverse engineered into the UML model: 'ModelingProject1::CalendarSystem::DataStorage::StorageRefinedAbstractionBridge' -  (Class)" />
  <Message Timestamp="2014-10-21T18:50:35" Importance="Diagnostic" Text="Element reverse engineered into the UML model: 'ModelingProject1::CalendarSystem::DataStorage::StorageRefinedAbstractionBridge::CreateTag' -  (Operation)" />
  <Message Timestamp="2014-10-21T18:50:35" Importance="Diagnostic" Text="Element reverse engineered into the UML model: 'ModelingProject1::CalendarSystem::DataStorage::StorageRefinedAbstractionBridge::CreateTag::tag' -  (Parameter)" />
  <Message Timestamp="2014-10-21T18:50:35" Importance="Diagnostic" Text="Element reverse engineered into the UML model: 'ModelingProject1::CalendarSystem::DataStorage::StorageRefinedAbstractionBridge::GetAllEvents' -  (Operation)" />
  <Message Timestamp="2014-10-21T18:50:35" Importance="Diagnostic" Text="Element reverse engineered into the UML model: 'ModelingProject1::CalendarSystem::DataStorage::StorageRefinedAbstractionBridge::GetEvent' -  (Operation)" />
  <Message Timestamp="2014-10-21T18:50:35" Importance="Diagnostic" Text="Element reverse engineered into the UML model: 'ModelingProject1::CalendarSystem::DataStorage::StorageRefinedAbstractionBridge::GetEvent::ID' -  (Parameter)" />
  <Message Timestamp="2014-10-21T18:50:35" Importance="Diagnostic" Text="Element reverse engineered into the UML model: 'ModelingProject1::CalendarSystem::DataStorage::StorageRefinedAbstractionBridge::GetEventsBetweenDates' -  (Operation)" />
  <Message Timestamp="2014-10-21T18:50:35" Importance="Diagnostic" Text="Element reverse engineered into the UML model: 'ModelingProject1::CalendarSystem::DataStorage::StorageRefinedAbstractionBridge::GetEventsBetweenDates::beginDateTime' -  (Parameter)" />
  <Message Timestamp="2014-10-21T18:50:35" Importance="Diagnostic" Text="Element reverse engineered into the UML model: 'ModelingProject1::CalendarSystem::DataStorage::StorageRefinedAbstractionBridge::GetEventsBetweenDates::endDateTime' -  (Parameter)" />
  <Message Timestamp="2014-10-21T18:50:35" Importance="Diagnostic" Text="Element reverse engineered into the UML model: 'ModelingProject1::CalendarSystem::DataStorage::StorageRefinedAbstractionBridge::LoginAuthentication' -  (Operation)" />
  <Message Timestamp="2014-10-21T18:50:35" Importance="Diagnostic" Text="Element reverse engineered into the UML model: 'ModelingProject1::CalendarSystem::DataStorage::StorageRefinedAbstractionBridge::LoginAuthentication::password' -  (Parameter)" />
  <Message Timestamp="2014-10-21T18:50:35" Importance="Diagnostic" Text="Element reverse engineered into the UML model: 'ModelingProject1::CalendarSystem::DataStorage::StorageRefinedAbstractionBridge::LoginAuthentication::userName' -  (Parameter)" />
  <Message Timestamp="2014-10-21T18:50:35" Importance="Diagnostic" Text="Element reverse engineered into the UML model: 'ModelingProject1::CalendarSystem::DataStorage::StorageRefinedAbstractionBridge::SaveEvent' -  (Operation)" />
  <Message Timestamp="2014-10-21T18:50:35" Importance="Diagnostic" Text="Element reverse engineered into the UML model: 'ModelingProject1::CalendarSystem::DataStorage::StorageRefinedAbstractionBridge::SaveEvent::eventToSave' -  (Parameter)" />
  <Message Timestamp="2014-10-21T18:50:35" Importance="Diagnostic" Text="Element reverse engineered into the UML model: 'ModelingProject1::CalendarSystem::DataStorage::StorageRefinedAbstractionBridge::StorageRefinedAbstractionBridge' -  (Operation)" />
  <Message Timestamp="2014-10-21T18:50:35" Importance="Diagnostic" Text="Element reverse engineered into the UML model: 'ModelingProject1::CalendarSystem::DataStorage::StorageRefinedAbstractionBridge::UpdateEvent' -  (Operation)" />
  <Message Timestamp="2014-10-21T18:50:35" Importance="Diagnostic" Text="Element reverse engineered into the UML model: 'ModelingProject1::CalendarSystem::DataStorage::StorageRefinedAbstractionBridge::UpdateEvent::eventToUpdate' -  (Parameter)" />
  <Message Timestamp="2014-10-21T18:50:35" Importance="Medium" Text="Element reverse engineered into the UML model: 'ModelingProject1::CalendarSystem::DataStorage::StoreToGoogleCommand' -  (Class)" />
  <Message Timestamp="2014-10-21T18:50:35" Importance="Diagnostic" Text="Element reverse engineered into the UML model: 'ModelingProject1::CalendarSystem::DataStorage::StoreToGoogleCommand::_iEvent' -  (Property)" />
  <Message Timestamp="2014-10-21T18:50:35" Importance="Diagnostic" Text="Element reverse engineered into the UML model: 'ModelingProject1::CalendarSystem::DataStorage::StoreToGoogleCommand::Execute' -  (Operation)" />
  <Message Timestamp="2014-10-21T18:50:35" Importance="Diagnostic" Text="Element reverse engineered into the UML model: 'ModelingProject1::CalendarSystem::DataStorage::StoreToGoogleCommand::StoreToGoogleCommand' -  (Operation)" />
  <Message Timestamp="2014-10-21T18:50:35" Importance="Diagnostic" Text="Element reverse engineered into the UML model: 'ModelingProject1::CalendarSystem::DataStorage::StoreToGoogleCommand::StoreToGoogleCommand::iEvent' -  (Parameter)" />
  <Message Timestamp="2014-10-21T18:50:35" Importance="Diagnostic" Text="Element reverse engineered into the UML model: 'ModelingProject1::CalendarSystem::DataStorage::StoreToGoogleCommand::Undo' -  (Operation)" />
  <Message Timestamp="2014-10-21T18:50:35" Importance="Diagnostic" Text="Element reverse engineered into the UML model: 'ModelingProject1::CalendarSystem::Model' -  (Package)" />
  <Message Timestamp="2014-10-21T18:50:35" Importance="Diagnostic" Text="Element reverse engineered into the UML model: 'ModelingProject1::CalendarSystem::Model::Calendar' -  (Class)   (partially reverse engineered - definition not updated) " />
  <Message Timestamp="2014-10-21T18:50:35" Importance="Diagnostic" Text="Element reverse engineered into the UML model: 'ModelingProject1::CalendarSystem::Model::IEvent' -  (Interface)   (partially reverse engineered - definition not updated) " />
  <Message Timestamp="2014-10-21T18:50:35" Importance="Diagnostic" Text="Element reverse engineered into the UML model: 'ModelingProject1::CalendarSystem::Model::LinkedEventsComposite' -  (Class)   (partially reverse engineered - definition not updated) " />
  <Message Timestamp="2014-10-21T18:50:35" Importance="Diagnostic" Text="Element reverse engineered into the UML model: 'ModelingProject1::CalendarSystem::Model::Notification' -  (Class)   (partially reverse engineered - definition not updated) " />
  <Message Timestamp="2014-10-21T18:50:35" Importance="Diagnostic" Text="Element reverse engineered into the UML model: 'ModelingProject1::System' -  (Package)" />
  <Message Timestamp="2014-10-21T18:50:35" Importance="Diagnostic" Text="Element reverse engineered into the UML model: 'ModelingProject1::System::Collections' -  (Package)" />
  <Message Timestamp="2014-10-21T18:50:35" Importance="Diagnostic" Text="Element reverse engineered into the UML model: 'ModelingProject1::System::Collections::Generic' -  (Package)" />
  <Message Timestamp="2014-10-21T18:50:35" Importance="Diagnostic" Text="Element reverse engineered into the UML model: 'ModelingProject1::System::Collections::Generic::IList' -  (Interface)   (partially reverse engineered - definition not updated) " />
  <Message Timestamp="2014-10-21T18:50:35" Importance="Diagnostic" Text="Element reverse engineered into the UML model: 'ModelingProject1::System::Collections::Generic::IList&lt;IEvent‎&gt;' -  (Interface)   (partially reverse engineered - definition not updated) " />
  <Message Timestamp="2014-10-21T18:50:35" Importance="Diagnostic" Text="Element reverse engineered into the UML model: 'ModelingProject1::System::Collections::Generic::Queue' -  (Class)   (partially reverse engineered - definition not updated) " />
  <Message Timestamp="2014-10-21T18:50:35" Importance="Diagnostic" Text="Element reverse engineered into the UML model: 'ModelingProject1::System::Collections::Generic::Queue&lt;IUndoableCommand‎&gt;' -  (Class)   (partially reverse engineered - definition not updated) " />
  <Message Timestamp="2014-10-21T18:50:35" Importance="Diagnostic" Text="Element reverse engineered into the UML model: 'ModelingProject1::System::Collections::Generic::Stack' -  (Class)   (partially reverse engineered - definition not updated) " />
  <Message Timestamp="2014-10-21T18:50:35" Importance="Diagnostic" Text="Element reverse engineered into the UML model: 'ModelingProject1::System::Collections::Generic::Stack&lt;IUndoableCommand‎&gt;' -  (Class)   (partially reverse engineered - definition not updated) " />
  <Message Timestamp="2014-10-21T18:50:35" Importance="Diagnostic" Text="Element reverse engineered into the UML model: 'ModelingProject1::System::DateTime' -  (Class)   (partially reverse engineered - definition not updated) " />
  <Message Timestamp="2014-10-21T18:50:35" Importance="Diagnostic" Text="Element reverse engineered into the UML model: 'ModelingProject1::System::Nullable' -  (Class)   (partially reverse engineered - definition not updated) " />
  <Message Timestamp="2014-10-21T18:50:35" Importance="Diagnostic" Text="Element reverse engineered into the UML model: 'ModelingProject1::System::Nullable&lt;DateTime‎&gt;' -  (Class)   (partially reverse engineered - definition not updated) " />
  <Message Timestamp="2014-10-21T18:50:35" Importance="Diagnostic" Text="Element reverse engineered into the UML model: 'ModelingProject1::System::Nullable&lt;TimeSpan‎&gt;' -  (Class)   (partially reverse engineered - definition not updated) " />
  <Message Timestamp="2014-10-21T18:50:35" Importance="Diagnostic" Text="Element reverse engineered into the UML model: 'ModelingProject1::System::TimeSpan' -  (Class)   (partially reverse engineered - definition not updated) " />
  <Message Timestamp="2014-10-21T18:50:35" Importance="Diagnostic" Text="Element reverse engineered into the UML model: 'String' -  (PrimitiveType)" />
  <Message Timestamp="2014-10-21T18:50:35" Importance="Diagnostic" Text="Relationship reverse engineered into the UML model: ModelingProject1::CalendarSystem::DataStorage::DatabaseStorageImplementor to ModelingProject1::CalendarSystem::DataStorage::IStorage (InterfaceRealization)" />
  <Message Timestamp="2014-10-21T18:50:35" Importance="Diagnostic" Text="Relationship reverse engineered into the UML model: ModelingProject1::CalendarSystem::DataStorage::LocalStorageImplementor to ModelingProject1::CalendarSystem::DataStorage::IStorage (InterfaceRealization)" />
  <Message Timestamp="2014-10-21T18:50:35" Importance="Diagnostic" Text="Relationship reverse engineered into the UML model: ModelingProject1::CalendarSystem::DataStorage::OfflineConnectionStrategy to ModelingProject1::CalendarSystem::DataStorage::IConnectionBaseStrategy (InterfaceRealization)" />
  <Message Timestamp="2014-10-21T18:50:35" Importance="Diagnostic" Text="Relationship reverse engineered into the UML model: ModelingProject1::CalendarSystem::DataStorage::OnlineConnectionStrategy to ModelingProject1::CalendarSystem::DataStorage::IConnectionBaseStrategy (InterfaceRealization)" />
  <Message Timestamp="2014-10-21T18:50:35" Importance="Diagnostic" Text="Relationship reverse engineered into the UML model: ModelingProject1::CalendarSystem::DataStorage::StorageAbstractionBridge to ModelingProject1::CalendarSystem::DataStorage::IStorage (Association)" />
  <Message Timestamp="2014-10-21T18:50:35" Importance="Diagnostic" Text="Relationship reverse engineered into the UML model: ModelingProject1::CalendarSystem::DataStorage::StorageClient to ModelingProject1::CalendarSystem::DataStorage::StorageAbstractionBridge (Association)" />
  <Message Timestamp="2014-10-21T18:50:35" Importance="Diagnostic" Text="Relationship reverse engineered into the UML model: ModelingProject1::CalendarSystem::DataStorage::StorageRefinedAbstractionBridge to ModelingProject1::CalendarSystem::DataStorage::StorageAbstractionBridge (Generalization)" />
  <Message Timestamp="2014-10-21T18:50:35" Importance="Diagnostic" Text="Relationship reverse engineered into the UML model: ModelingProject1::CalendarSystem::DataStorage::StoreToGoogleCommand to ModelingProject1::CalendarSystem::DataStorage::IUndoableCommand (InterfaceRealization)" />
  <Message Timestamp="2014-10-21T18:50:35" Importance="Diagnostic" Text="Relationship reverse engineered into the UML model: ModelingProject1::CalendarSystem::DataStorage::ConcreteDBStorageFactory to ModelingProject1::CalendarSystem::DataStorage::AbstractStorageFactory (Generalization)" />
  <Message Timestamp="2014-10-21T18:50:35" Importance="Diagnostic" Text="Relationship reverse engineered into the UML model: ModelingProject1::CalendarSystem::DataStorage::ConcreteLocalStorageFactory to ModelingProject1::CalendarSystem::DataStorage::AbstractStorageFactory (Generalization)" />
  <Message Timestamp="2014-10-21T18:50:35" Importance="Diagnostic" Text="Relationship reverse engineered into the UML model: ModelingProject1::CalendarSystem::Model::LinkedEventsComposite to ModelingProject1::CalendarSystem::Model::IEvent (InterfaceRealization)" />
  <Message Timestamp="2014-10-21T18:50:35" Importance="Diagnostic" Text="Relationship reverse engineered into the UML model: ModelingProject1::CalendarSystem::Model::LinkedEventsComposite to ModelingProject1::System::Collections::Generic::IEnumerable&lt;IEvent‎&gt; (InterfaceRealization)" />
  <Message Timestamp="2014-10-21T18:50:35" Importance="High" Text="(12) type(s) fully reverse engineered." />
  <Message Timestamp="2014-10-21T18:50:35" Importance="High" Text="(18) type(s) partially reverse engineered.  These types were not included in the original selection so their full definitions are not reverse engineered.  Instead, this shallow operation has simply ensured these types exist in the UML model because they are needed in order to fully describe other elements." />
  <Message Timestamp="2014-10-21T18:50:35" Importance="High" Text="The reverse engineering operation completed with (0) error(s), and (0) warning(s)." />
</Log>